id_extrato,data,descricao,tipo,valor,possivel_duplicidade,mes,valor_sinal
1,2025-01-01,PAGTO VARGAS - EI,Débito,4684.46,False,2025-01,-4684.46
2,2025-01-01,TARIFA MANUTENCAO CONTA,Débito,89.9,False,2025-01,-89.9
3,2025-01-02,PIX RECEBIDO MENDES,Crédito,10034.66,False,2025-01,10034.66
4,2025-01-02,PAGTO SÁ S/A,Débito,1599.87,False,2025-01,-1599.87
5,2025-01-02,PAGTO DA CUNHA,Débito,4799.38,False,2025-01,-4799.38
6,2025-01-03,PIX RECEBIDO VIANA,Crédito,10182.14,False,2025-01,10182.14
7,2025-01-03,PAGTO PIRES RODRIGUES LTDA.,Débito,8786.49,False,2025-01,-8786.49
8,2025-01-03,PIX RECEBIDO BORGES LTDA.,Crédito,16323.29,False,2025-01,16323.29
9,2025-01-04,PAGTO CAMARGO,Débito,3122.22,False,2025-01,-3122.22
10,2025-01-04,PAGTO TEIXEIRA,Débito,14555.31,False,2025-01,-14555.31
11,2025-01-04,PIX RECEBIDO CUNHA,Crédito,9988.73,False,2025-01,9988.73
12,2025-01-05,PIX RECEBIDO SIQUEIRA ABREU E FILHOS,Crédito,6481.55,False,2025-01,6481.55
13,2025-01-05,PAGTO ALVES VASCONCELOS LTDA.,Débito,3559.3,False,2025-01,-3559.3
14,2025-01-05,PAGTO OLIVEIRA NASCIMENTO S.A.,Débito,2620.31,False,2025-01,-2620.31
15,2025-01-06,PIX RECEBIDO GARCIA SILVA E FILHOS,Crédito,3751.87,False,2025-01,3751.87
16,2025-01-06,PIX RECEBIDO PASTOR E FILHOS,Crédito,18292.99,False,2025-01,18292.99
17,2025-01-06,PIX RECEBIDO SOUZA LTDA.,Crédito,7429.85,False,2025-01,7429.85
18,2025-01-06,PAGTO MORAES SOUZA - EI,Débito,2637.72,False,2025-01,-2637.72
19,2025-01-07,PAGTO BRITO,Débito,4473.3,False,2025-01,-4473.3
20,2025-01-07,PIX RECEBIDO LEÃO,Crédito,4419.25,True,2025-01,4419.25
21,2025-01-07,PIX RECEBIDO LEÃO,Crédito,4419.25,True,2025-01,4419.25
22,2025-01-08,PAGTO CAVALCANTE,Débito,13667.19,False,2025-01,-13667.19
23,2025-01-08,PAGTO SÁ,Débito,13563.61,False,2025-01,-13563.61
24,2025-01-08,PAGTO CAVALCANTE,Débito,17545.44,False,2025-01,-17545.44
25,2025-01-09,PIX RECEBIDO ALMEIDA LTDA.,Crédito,5973.5,False,2025-01,5973.5
26,2025-01-09,PAGTO PIRES ROCHA - ME,Débito,8094.21,False,2025-01,-8094.21
27,2025-01-09,PIX RECEBIDO AZEVEDO,Crédito,12459.24,False,2025-01,12459.24
28,2025-01-09,PAGTO SIQUEIRA,Débito,16946.7,False,2025-01,-16946.7
29,2025-01-09,PIX RECEBIDO SÁ CÂMARA E FILHOS,Crédito,14515.01,False,2025-01,14515.01
30,2025-01-09,PIX RECEBIDO DA ROSA DUARTE - EI,Crédito,8133.06,False,2025-01,8133.06
31,2025-01-09,PIX RECEBIDO PIMENTA E FILHOS,Crédito,7993.04,False,2025-01,7993.04
32,2025-01-09,PIX RECEBIDO NOVAIS,Crédito,930.49,False,2025-01,930.49
33,2025-01-10,PAGTO PIMENTA,Débito,8146.36,False,2025-01,-8146.36
34,2025-01-10,PIX RECEBIDO SOUZA S/A,Crédito,3561.61,False,2025-01,3561.61
35,2025-01-11,PIX RECEBIDO GONÇALVES - EI,Crédito,17333.89,False,2025-01,17333.89
36,2025-01-11,PAGTO PINTO E FILHOS,Débito,8947.08,False,2025-01,-8947.08
37,2025-01-12,PAGTO CAMARGO,Débito,1373.24,False,2025-01,-1373.24
38,2025-01-12,PAGTO NOVAES,Débito,4451.74,False,2025-01,-4451.74
39,2025-01-12,PIX RECEBIDO COSTA,Crédito,18053.8,False,2025-01,18053.8
40,2025-01-13,PIX RECEBIDO GOMES NUNES - ME,Crédito,7203.89,False,2025-01,7203.89
41,2025-01-13,PAGTO FERNANDES - EI,Débito,17380.14,False,2025-01,-17380.14
42,2025-01-13,PIX RECEBIDO FREITAS CASTRO LTDA.,Crédito,12754.91,False,2025-01,12754.91
43,2025-01-13,PAGTO LIMA CAMARGO - EI,Débito,3743.05,False,2025-01,-3743.05
44,2025-01-13,PIX RECEBIDO MOURA DA COSTA - ME,Crédito,2537.67,False,2025-01,2537.67
45,2025-01-14,PIX RECEBIDO CASTRO,Crédito,4617.77,False,2025-01,4617.77
46,2025-01-14,PIX RECEBIDO NASCIMENTO,Crédito,7377.55,False,2025-01,7377.55
47,2025-01-14,PIX RECEBIDO MOURA,Crédito,16220.15,False,2025-01,16220.15
48,2025-01-14,PAGTO CARDOSO,Débito,2743.31,False,2025-01,-2743.31
49,2025-01-14,PAGTO ARAGÃO S.A.,Débito,18209.4,False,2025-01,-18209.4
50,2025-01-14,PAGTO ABREU JESUS S/A,Débito,3278.08,False,2025-01,-3278.08
51,2025-01-15,PIX RECEBIDO CAMPOS SÁ - ME,Crédito,18608.21,False,2025-01,18608.21
52,2025-01-16,PAGTO LIMA,Débito,5410.67,False,2025-01,-5410.67
53,2025-01-16,PIX RECEBIDO RIBEIRO LTDA.,Crédito,6756.19,False,2025-01,6756.19
54,2025-01-16,PIX RECEBIDO MARQUES,Crédito,12688.62,False,2025-01,12688.62
55,2025-01-16,PAGTO MACHADO - EI,Débito,8585.89,False,2025-01,-8585.89
56,2025-01-16,PAGTO CAMPOS,Débito,10138.07,False,2025-01,-10138.07
57,2025-01-16,PIX RECEBIDO DA COSTA CARDOSO - ME,Crédito,19925.86,False,2025-01,19925.86
58,2025-01-17,PAGTO TEIXEIRA FERNANDES S/A,Débito,1904.55,False,2025-01,-1904.55
59,2025-01-17,PIX RECEBIDO NOVAES - ME,Crédito,15450.58,False,2025-01,15450.58
60,2025-01-17,PAGTO ABREU,Débito,4554.73,False,2025-01,-4554.73
61,2025-01-17,PAGTO LIMA,Débito,12076.86,False,2025-01,-12076.86
62,2025-01-17,PAGTO RAMOS,Débito,4424.84,False,2025-01,-4424.84
63,2025-01-17,PIX RECEBIDO NASCIMENTO DA MATA - EI,Crédito,18471.84,False,2025-01,18471.84
64,2025-01-18,PAGTO CUNHA,Débito,19678.84,False,2025-01,-19678.84
65,2025-01-18,PAGTO CUNHA SALES - EI,Débito,8037.08,False,2025-01,-8037.08
66,2025-01-18,PIX RECEBIDO ROCHA LTDA.,Crédito,7097.48,False,2025-01,7097.48
67,2025-01-19,PIX RECEBIDO DA MOTA,Crédito,2402.68,False,2025-01,2402.68
68,2025-01-19,PAGTO DAS NEVES,Débito,9585.37,False,2025-01,-9585.37
69,2025-01-19,PIX RECEBIDO MARTINS S/A,Crédito,8332.78,False,2025-01,8332.78
70,2025-01-19,PAGTO FARIAS NOVAIS - ME,Débito,12761.38,False,2025-01,-12761.38
71,2025-01-19,PIX RECEBIDO DA MOTA DA MOTA - ME,Crédito,13834.2,False,2025-01,13834.2
72,2025-01-19,PAGTO DA MOTA,Débito,12397.9,False,2025-01,-12397.9
73,2025-01-21,PAGTO PIMENTA,Débito,16153.7,False,2025-01,-16153.7
74,2025-01-21,PAGTO TEIXEIRA,Débito,14283.22,False,2025-01,-14283.22
75,2025-01-21,PAGTO PINTO,Débito,5782.6,False,2025-01,-5782.6
76,2025-01-22,PAGTO GUERRA,Débito,10029.29,False,2025-01,-10029.29
77,2025-01-22,PIX RECEBIDO ROCHA DAS NEVES S.A.,Crédito,865.09,False,2025-01,865.09
78,2025-01-22,PAGTO RODRIGUES MELO S/A,Débito,19130.32,False,2025-01,-19130.32
79,2025-01-22,PIX RECEBIDO DA LUZ GONÇALVES S.A.,Crédito,13566.81,False,2025-01,13566.81
80,2025-01-23,PIX RECEBIDO JESUS,Crédito,17516.71,False,2025-01,17516.71
81,2025-01-24,PIX RECEBIDO GOMES,Crédito,15446.6,False,2025-01,15446.6
82,2025-01-24,PIX RECEBIDO GOMES - EI,Crédito,5157.18,False,2025-01,5157.18
83,2025-01-24,PIX RECEBIDO DA CONCEIÇÃO S.A.,Crédito,8189.78,False,2025-01,8189.78
84,2025-01-24,PIX RECEBIDO GARCIA,Crédito,12675.91,False,2025-01,12675.91
85,2025-01-25,PIX RECEBIDO DA CONCEIÇÃO E FILHOS,Crédito,8782.45,False,2025-01,8782.45
86,2025-01-25,PIX RECEBIDO NOGUEIRA S/A,Crédito,16246.34,False,2025-01,16246.34
87,2025-01-25,PIX RECEBIDO VARGAS,Crédito,18599.09,False,2025-01,18599.09
88,2025-01-25,PIX RECEBIDO REZENDE,Crédito,941.73,False,2025-01,941.73
89,2025-01-25,PIX RECEBIDO SILVA,Crédito,541.42,False,2025-01,541.42
90,2025-01-25,PAGTO DUARTE,Débito,4928.75,False,2025-01,-4928.75
91,2025-01-26,PIX RECEBIDO CAMPOS,Crédito,16842.75,False,2025-01,16842.75
92,2025-01-26,PAGTO SOUZA,Débito,17901.64,False,2025-01,-17901.64
93,2025-01-26,PAGTO MARTINS PORTO LTDA.,Débito,10547.08,False,2025-01,-10547.08
94,2025-01-26,PIX RECEBIDO GARCIA LEÃO - ME,Crédito,12368.01,False,2025-01,12368.01
95,2025-01-27,PIX RECEBIDO BORGES LTDA.,Crédito,13091.45,False,2025-01,13091.45
96,2025-01-27,PAGTO SOUZA - EI,Débito,7203.98,False,2025-01,-7203.98
97,2025-01-27,PIX RECEBIDO ROCHA,Crédito,7581.2,False,2025-01,7581.2
98,2025-01-27,PIX RECEBIDO FERREIRA,Crédito,18226.68,False,2025-01,18226.68
99,2025-01-27,PIX RECEBIDO SIQUEIRA VIEIRA LTDA.,Crédito,1133.27,False,2025-01,1133.27
100,2025-01-27,PIX RECEBIDO OLIVEIRA,Crédito,10871.82,False,2025-01,10871.82
101,2025-01-28,PIX RECEBIDO SANTOS,Crédito,10479.05,False,2025-01,10479.05
102,2025-01-28,PAGTO RAMOS E FILHOS,Débito,19579.35,False,2025-01,-19579.35
103,2025-01-28,PIX RECEBIDO VASCONCELOS,Crédito,3252.04,False,2025-01,3252.04
104,2025-01-28,PIX RECEBIDO CORREIA,Crédito,1074.24,False,2025-01,1074.24
105,2025-01-29,PAGTO SAMPAIO,Débito,8259.06,False,2025-01,-8259.06
106,2025-01-29,PIX RECEBIDO MACHADO FREITAS - ME,Crédito,1871.9,False,2025-01,1871.9
107,2025-01-30,PAGTO FREITAS LTDA.,Débito,13262.59,False,2025-01,-13262.59
108,2025-01-30,PIX RECEBIDO RIBEIRO PINTO E FILHOS,Crédito,15162.7,False,2025-01,15162.7
109,2025-01-30,PIX RECEBIDO PORTO DA LUZ S.A.,Crédito,9352.97,False,2025-01,9352.97
110,2025-01-31,PIX RECEBIDO DA ROSA,Crédito,6906.22,False,2025-01,6906.22
111,2025-01-31,PAGTO DA MATA MACHADO - EI,Débito,14444.79,False,2025-01,-14444.79
112,2025-02-01,PIX RECEBIDO RODRIGUES,Crédito,18419.19,False,2025-02,18419.19
113,2025-02-01,TARIFA MANUTENCAO CONTA,Débito,89.9,False,2025-02,-89.9
114,2025-02-01,PAGTO FERREIRA - ME,Débito,1637.2,False,2025-02,-1637.2
115,2025-02-01,PAGTO RAMOS CASSIANO LTDA.,Débito,7948.23,False,2025-02,-7948.23
116,2025-02-02,PAGTO FERREIRA,Débito,17156.22,False,2025-02,-17156.22
117,2025-02-02,PIX RECEBIDO DAS NEVES,Crédito,17947.65,False,2025-02,17947.65
118,2025-02-02,PIX RECEBIDO GONÇALVES,Crédito,9145.86,False,2025-02,9145.86
119,2025-02-02,PAGTO COSTA FARIAS S.A.,Débito,18335.21,False,2025-02,-18335.21
120,2025-02-02,PIX RECEBIDO LIMA,Crédito,10290.91,False,2025-02,10290.91
121,2025-02-02,PAGTO RIBEIRO,Débito,7790.51,False,2025-02,-7790.51
122,2025-02-03,PIX RECEBIDO VIEIRA,Crédito,4153.51,False,2025-02,4153.51
123,2025-02-03,PIX RECEBIDO DA ROCHA S/A,Crédito,8724.53,False,2025-02,8724.53
124,2025-02-03,PAGTO COSTELA DA MOTA E FILHOS,Débito,13656.56,False,2025-02,-13656.56
125,2025-02-04,PIX RECEBIDO NUNES,Crédito,8049.32,False,2025-02,8049.32
126,2025-02-04,PAGTO ALBUQUERQUE,Débito,9057.32,False,2025-02,-9057.32
127,2025-02-04,PIX RECEBIDO SILVEIRA - ME,Crédito,1542.68,False,2025-02,1542.68
128,2025-02-04,PIX RECEBIDO NOGUEIRA FERREIRA E FILHOS,Crédito,19607.86,False,2025-02,19607.86
129,2025-02-05,PIX RECEBIDO MENDES,Crédito,10799.26,False,2025-02,10799.26
130,2025-02-05,PIX RECEBIDO DA CUNHA,Crédito,10990.87,False,2025-02,10990.87
131,2025-02-05,PAGTO ABREU,Débito,14333.86,False,2025-02,-14333.86
132,2025-02-06,PAGTO BARBOSA MACEDO LTDA.,Débito,8017.74,False,2025-02,-8017.74
133,2025-02-06,PAGTO RIOS,Débito,16743.03,False,2025-02,-16743.03
134,2025-02-06,PIX RECEBIDO MARQUES CALDEIRA S.A.,Crédito,11114.84,False,2025-02,11114.84
135,2025-02-07,PIX RECEBIDO GONÇALVES,Crédito,3026.55,False,2025-02,3026.55
136,2025-02-07,PAGTO COSTA,Débito,9106.09,False,2025-02,-9106.09
137,2025-02-07,PAGTO APARECIDA S/A,Débito,15429.54,False,2025-02,-15429.54
138,2025-02-08,PIX RECEBIDO MENDONÇA,Crédito,15783.12,False,2025-02,15783.12
139,2025-02-08,PAGTO REZENDE MONTEIRO - ME,Débito,10567.5,False,2025-02,-10567.5
140,2025-02-08,PAGTO DUARTE OLIVEIRA E FILHOS,Débito,13131.37,False,2025-02,-13131.37
141,2025-02-08,PAGTO CARVALHO,Débito,19733.81,False,2025-02,-19733.81
142,2025-02-08,PAGTO JESUS,Débito,11260.5,False,2025-02,-11260.5
143,2025-02-08,PAGTO PEIXOTO,Débito,6736.48,False,2025-02,-6736.48
144,2025-02-09,PIX RECEBIDO COSTA,Crédito,10795.95,False,2025-02,10795.95
145,2025-02-09,PIX RECEBIDO SOUZA GONÇALVES LTDA.,Crédito,3914.48,False,2025-02,3914.48
146,2025-02-09,PIX RECEBIDO SÁ E FILHOS,Crédito,16600.44,False,2025-02,16600.44
147,2025-02-09,PIX RECEBIDO FERREIRA ALVES - ME,Crédito,9341.48,False,2025-02,9341.48
148,2025-02-09,PAGTO DA CRUZ,Débito,19114.34,False,2025-02,-19114.34
149,2025-02-09,PIX RECEBIDO DA MOTA RIOS - ME,Crédito,5524.21,False,2025-02,5524.21
150,2025-02-09,PIX RECEBIDO CARVALHO,Crédito,18781.42,False,2025-02,18781.42
151,2025-02-10,PAGTO RAMOS S/A,Débito,2679.42,False,2025-02,-2679.42
152,2025-02-10,PIX RECEBIDO NUNES SILVA LTDA.,Crédito,4639.85,False,2025-02,4639.85
153,2025-02-10,PAGTO MARQUES,Débito,15692.8,False,2025-02,-15692.8
154,2025-02-10,PIX RECEBIDO AZEVEDO CARDOSO LTDA.,Crédito,17111.62,False,2025-02,17111.62
155,2025-02-11,PAGTO RIOS DA MATA E FILHOS,Débito,14133.5,False,2025-02,-14133.5
156,2025-02-11,PIX RECEBIDO ALVES S.A.,Crédito,13491.13,False,2025-02,13491.13
157,2025-02-12,PAGTO CAVALCANTE CUNHA S.A.,Débito,1598.28,False,2025-02,-1598.28
158,2025-02-12,PIX RECEBIDO MOURA LTDA.,Crédito,3627.43,False,2025-02,3627.43
159,2025-02-12,PAGTO BARROS,Débito,18652.45,False,2025-02,-18652.45
160,2025-02-13,PIX RECEBIDO AZEVEDO,Crédito,14016.53,False,2025-02,14016.53
161,2025-02-13,PIX RECEBIDO DA PAZ - ME,Crédito,1100.43,False,2025-02,1100.43
162,2025-02-13,PIX RECEBIDO TEIXEIRA SANTOS - ME,Crédito,15990.46,False,2025-02,15990.46
163,2025-02-13,PAGTO VASCONCELOS MOREIRA - ME,Débito,16589.66,False,2025-02,-16589.66
164,2025-02-13,PIX RECEBIDO LOPES,Crédito,10299.42,False,2025-02,10299.42
165,2025-02-13,PIX RECEBIDO DA ROSA,Crédito,12589.11,False,2025-02,12589.11
166,2025-02-13,PAGTO CORREIA,Débito,9748.47,False,2025-02,-9748.47
167,2025-02-14,PAGTO DA CUNHA,Débito,13782.07,False,2025-02,-13782.07
168,2025-02-14,PIX RECEBIDO MARQUES,Crédito,4036.07,False,2025-02,4036.07
169,2025-02-14,PAGTO FERREIRA,Débito,19825.32,False,2025-02,-19825.32
170,2025-02-14,PIX RECEBIDO SANTOS E FILHOS,Crédito,1865.87,False,2025-02,1865.87
171,2025-02-15,PAGTO NOVAES,Débito,15694.3,False,2025-02,-15694.3
172,2025-02-16,PIX RECEBIDO FONSECA,Crédito,5456.55,False,2025-02,5456.55
173,2025-02-16,PAGTO DIAS SILVA LTDA.,Débito,17033.65,False,2025-02,-17033.65
174,2025-02-16,PAGTO AZEVEDO,Débito,1372.66,False,2025-02,-1372.66
175,2025-02-16,PAGTO FONSECA LOPES S/A,Débito,8008.87,False,2025-02,-8008.87
176,2025-02-16,PIX RECEBIDO MARQUES S/A,Crédito,12472.06,False,2025-02,12472.06
177,2025-02-16,PAGTO DA MATA,Débito,12357.51,False,2025-02,-12357.51
178,2025-02-16,PIX RECEBIDO PASTOR - EI,Crédito,5770.23,False,2025-02,5770.23
179,2025-02-17,PAGTO COSTA,Débito,19615.71,True,2025-02,-19615.71
180,2025-02-17,PIX RECEBIDO CORREIA CUNHA E FILHOS,Crédito,6369.51,False,2025-02,6369.51
181,2025-02-17,PIX RECEBIDO OLIVEIRA GOMES - ME,Crédito,13886.07,False,2025-02,13886.07
182,2025-02-17,PAGTO ROCHA S.A.,Débito,4871.6,False,2025-02,-4871.6
183,2025-02-17,PIX RECEBIDO SILVEIRA ARAGÃO - EI,Crédito,6173.34,False,2025-02,6173.34
184,2025-02-17,PAGTO COSTA,Débito,19615.71,True,2025-02,-19615.71
185,2025-02-17,PIX RECEBIDO VARGAS DA ROCHA S/A,Crédito,19231.02,False,2025-02,19231.02
186,2025-02-18,PAGTO MOURA S/A,Débito,12935.12,False,2025-02,-12935.12
187,2025-02-18,PIX RECEBIDO SÁ PINTO S/A,Crédito,4445.33,False,2025-02,4445.33
188,2025-02-18,PAGTO DA MATA SAMPAIO LTDA.,Débito,8184.26,True,2025-02,-8184.26
189,2025-02-18,PAGTO DA MATA SAMPAIO LTDA.,Débito,8184.26,True,2025-02,-8184.26
190,2025-02-19,PAGTO OLIVEIRA,Débito,2193.19,False,2025-02,-2193.19
191,2025-02-19,PIX RECEBIDO FERNANDES,Crédito,1891.59,False,2025-02,1891.59
192,2025-02-20,PAGTO DAS NEVES,Débito,19075.39,False,2025-02,-19075.39
193,2025-02-20,PAGTO DA ROCHA CUNHA S/A,Débito,5662.3,False,2025-02,-5662.3
194,2025-02-20,PIX RECEBIDO SALES,Crédito,3640.62,False,2025-02,3640.62
195,2025-02-21,PAGTO DA PAZ,Débito,13877.35,False,2025-02,-13877.35
196,2025-02-21,PIX RECEBIDO CAVALCANTI DA COSTA - EI,Crédito,15369.03,False,2025-02,15369.03
197,2025-02-21,PIX RECEBIDO CAVALCANTI LTDA.,Crédito,1638.72,False,2025-02,1638.72
198,2025-02-21,PAGTO MARQUES NASCIMENTO LTDA.,Débito,13489.51,False,2025-02,-13489.51
199,2025-02-21,PAGTO CALDEIRA,Débito,11237.5,False,2025-02,-11237.5
200,2025-02-21,PIX RECEBIDO RIOS,Crédito,16366.42,False,2025-02,16366.42
201,2025-02-21,PIX RECEBIDO PIRES,Crédito,14341.1,False,2025-02,14341.1
202,2025-02-22,PAGTO OLIVEIRA MOREIRA S.A.,Débito,10422.48,False,2025-02,-10422.48
203,2025-02-22,PIX RECEBIDO GARCIA,Crédito,5558.9,False,2025-02,5558.9
204,2025-02-23,PAGTO CASSIANO FREITAS S.A.,Débito,12647.27,False,2025-02,-12647.27
205,2025-02-23,PAGTO CAVALCANTE,Débito,13169.92,False,2025-02,-13169.92
206,2025-02-24,PIX RECEBIDO DA CUNHA,Crédito,6203.37,False,2025-02,6203.37
207,2025-02-24,PIX RECEBIDO SOUSA,Crédito,1645.31,False,2025-02,1645.31
208,2025-02-24,PIX RECEBIDO NOVAES,Crédito,8289.09,False,2025-02,8289.09
209,2025-02-25,PIX RECEBIDO ANDRADE PIMENTA - EI,Crédito,12922.73,False,2025-02,12922.73
210,2025-02-25,PAGTO BRITO,Débito,5538.07,False,2025-02,-5538.07
211,2025-02-25,PAGTO LIMA REZENDE S/A,Débito,3301.16,False,2025-02,-3301.16
212,2025-02-25,PIX RECEBIDO DAS NEVES,Crédito,16868.51,False,2025-02,16868.51
213,2025-02-25,PIX RECEBIDO MACEDO,Crédito,13763.73,False,2025-02,13763.73
214,2025-02-26,PAGTO SOUZA NOVAIS - EI,Débito,2688.47,False,2025-02,-2688.47
215,2025-02-26,PAGTO DA ROSA - ME,Débito,2777.85,False,2025-02,-2777.85
216,2025-02-26,PIX RECEBIDO LOPES PASTOR - ME,Crédito,15789.02,False,2025-02,15789.02
217,2025-02-26,PIX RECEBIDO SILVA FARIAS - ME,Crédito,14523.53,False,2025-02,14523.53
218,2025-02-26,PIX RECEBIDO DA CUNHA,Crédito,11412.11,False,2025-02,11412.11
219,2025-02-27,PAGTO DA MOTA,Débito,3107.21,False,2025-02,-3107.21
220,2025-02-27,PAGTO SAMPAIO S.A.,Débito,11457.46,False,2025-02,-11457.46
221,2025-02-27,PAGTO GARCIA CASTRO E FILHOS,Débito,14963.69,False,2025-02,-14963.69
222,2025-02-27,PAGTO ALVES,Débito,8844.83,False,2025-02,-8844.83
223,2025-02-28,PIX RECEBIDO DA CUNHA APARECIDA E FILHOS,Crédito,17328.82,False,2025-02,17328.82
224,2025-02-28,PAGTO MORAES,Débito,6006.55,False,2025-02,-6006.55
225,2025-02-28,PAGTO CAMPOS,Débito,15391.97,False,2025-02,-15391.97
226,2025-03-01,TARIFA MANUTENCAO CONTA,Débito,89.9,False,2025-03,-89.9
227,2025-03-01,PAGTO SALES,Débito,8925.81,False,2025-03,-8925.81
228,2025-03-01,PIX RECEBIDO CALDEIRA LTDA.,Crédito,12481.48,False,2025-03,12481.48
229,2025-03-01,PIX RECEBIDO ABREU DA LUZ - ME,Crédito,13022.97,False,2025-03,13022.97
230,2025-03-02,PIX RECEBIDO FOGAÇA,Crédito,12089.13,False,2025-03,12089.13
231,2025-03-02,PAGTO CARDOSO FERNANDES E FILHOS,Débito,18346.4,False,2025-03,-18346.4
232,2025-03-02,PAGTO RIBEIRO,Débito,17059.58,False,2025-03,-17059.58
233,2025-03-02,PAGTO DA MATA,Débito,13036.8,False,2025-03,-13036.8
234,2025-03-03,PAGTO MACEDO,Débito,18212.25,False,2025-03,-18212.25
235,2025-03-03,PAGTO FREITAS - ME,Débito,6140.44,False,2025-03,-6140.44
236,2025-03-03,PAGTO OLIVEIRA,Débito,18808.65,False,2025-03,-18808.65
237,2025-03-03,PAGTO LIMA NOVAIS - EI,Débito,17270.2,False,2025-03,-17270.2
238,2025-03-03,PIX RECEBIDO DA PAZ - EI,Crédito,8544.89,False,2025-03,8544.89
239,2025-03-03,PIX RECEBIDO DA CRUZ,Crédito,1071.52,False,2025-03,1071.52
240,2025-03-03,PIX RECEBIDO DA ROCHA,Crédito,15991.08,False,2025-03,15991.08
241,2025-03-04,PAGTO NUNES,Débito,6240.65,False,2025-03,-6240.65
242,2025-03-05,PIX RECEBIDO CAMARGO,Crédito,4251.6,False,2025-03,4251.6
243,2025-03-05,PAGTO BRITO,Débito,7670.02,False,2025-03,-7670.02
244,2025-03-05,PIX RECEBIDO ABREU,Crédito,14686.53,False,2025-03,14686.53
245,2025-03-05,PIX RECEBIDO VIANA,Crédito,15548.16,False,2025-03,15548.16
246,2025-03-05,PAGTO LOPES LTDA.,Débito,9981.72,False,2025-03,-9981.72
247,2025-03-05,PIX RECEBIDO NOVAIS,Crédito,4550.69,False,2025-03,4550.69
248,2025-03-05,PAGTO RODRIGUES E FILHOS,Débito,8393.34,False,2025-03,-8393.34
249,2025-03-05,PAGTO ALVES S/A,Débito,11841.4,False,2025-03,-11841.4
250,2025-03-06,PIX RECEBIDO DA LUZ E FILHOS,Crédito,13841.58,False,2025-03,13841.58
251,2025-03-06,PAGTO CORREIA CORREIA - EI,Débito,942.85,False,2025-03,-942.85
252,2025-03-06,PIX RECEBIDO RIOS,Crédito,17652.13,False,2025-03,17652.13
253,2025-03-06,PAGTO ALMEIDA,Débito,13374.41,False,2025-03,-13374.41
254,2025-03-07,PAGTO CAVALCANTI PIMENTA E FILHOS,Débito,4023.59,False,2025-03,-4023.59
255,2025-03-08,PAGTO CALDEIRA,Débito,13759.01,False,2025-03,-13759.01
256,2025-03-08,PAGTO DA COSTA S.A.,Débito,19938.65,False,2025-03,-19938.65
257,2025-03-08,PAGTO FERREIRA,Débito,13408.29,False,2025-03,-13408.29
258,2025-03-08,PIX RECEBIDO DA PAZ,Crédito,4839.91,False,2025-03,4839.91
259,2025-03-09,PIX RECEBIDO GOMES - ME,Crédito,11852.18,False,2025-03,11852.18
260,2025-03-09,PAGTO GUERRA - ME,Débito,3596.19,False,2025-03,-3596.19
261,2025-03-10,PAGTO REZENDE,Débito,7752.51,False,2025-03,-7752.51
262,2025-03-10,PAGTO DA PAZ MACEDO E FILHOS,Débito,18319.23,False,2025-03,-18319.23
263,2025-03-10,PAGTO MOURA - EI,Débito,427.36,False,2025-03,-427.36
264,2025-03-10,PAGTO ANDRADE OLIVEIRA E FILHOS,Débito,7379.26,False,2025-03,-7379.26
265,2025-03-10,PAGTO MENDONÇA,Débito,3805.16,False,2025-03,-3805.16
266,2025-03-11,PIX RECEBIDO ARAÚJO,Crédito,2903.35,False,2025-03,2903.35
267,2025-03-11,PAGTO GONÇALVES LTDA.,Débito,9177.17,False,2025-03,-9177.17
268,2025-03-11,PIX RECEBIDO BARROS NUNES S/A,Crédito,11501.62,False,2025-03,11501.62
269,2025-03-11,PAGTO VIEIRA RODRIGUES - ME,Débito,11312.24,False,2025-03,-11312.24
270,2025-03-11,PAGTO SÁ SAMPAIO E FILHOS,Débito,6988.42,False,2025-03,-6988.42
271,2025-03-12,PAGTO TEIXEIRA FREITAS - EI,Débito,11224.05,False,2025-03,-11224.05
272,2025-03-12,PAGTO CIRINO S.A.,Débito,5888.7,False,2025-03,-5888.7
273,2025-03-12,PIX RECEBIDO DA LUZ S.A.,Crédito,9502.31,False,2025-03,9502.31
274,2025-03-12,PAGTO NOVAIS S.A.,Débito,12224.77,False,2025-03,-12224.77
275,2025-03-12,PAGTO VIEIRA,Débito,1444.53,False,2025-03,-1444.53
276,2025-03-13,PIX RECEBIDO CIRINO,Crédito,17576.59,False,2025-03,17576.59
277,2025-03-13,PAGTO RIBEIRO BARROS LTDA.,Débito,11784.27,False,2025-03,-11784.27
278,2025-03-13,PAGTO ALBUQUERQUE - EI,Débito,9689.11,False,2025-03,-9689.11
279,2025-03-13,PAGTO AZEVEDO DAS NEVES E FILHOS,Débito,5971.48,False,2025-03,-5971.48
280,2025-03-13,PAGTO BRITO LTDA.,Débito,16140.88,False,2025-03,-16140.88
281,2025-03-13,PAGTO PIMENTA,Débito,10189.3,False,2025-03,-10189.3
282,2025-03-13,PIX RECEBIDO SANTOS,Crédito,3176.46,False,2025-03,3176.46
283,2025-03-14,PIX RECEBIDO NUNES,Crédito,13697.41,False,2025-03,13697.41
284,2025-03-14,PAGTO ALBUQUERQUE,Débito,11398.2,True,2025-03,-11398.2
285,2025-03-14,PAGTO ALBUQUERQUE,Débito,11398.2,True,2025-03,-11398.2
286,2025-03-14,PAGTO PORTO,Débito,16383.65,False,2025-03,-16383.65
287,2025-03-14,PAGTO PACHECO,Débito,14008.17,False,2025-03,-14008.17
288,2025-03-15,PIX RECEBIDO PORTO LTDA.,Crédito,923.33,False,2025-03,923.33
289,2025-03-15,PIX RECEBIDO CAMPOS ALBUQUERQUE E FILHOS,Crédito,10705.81,False,2025-03,10705.81
290,2025-03-15,PIX RECEBIDO TEIXEIRA E FILHOS,Crédito,18832.3,False,2025-03,18832.3
291,2025-03-16,PIX RECEBIDO VARGAS LTDA.,Crédito,14114.76,False,2025-03,14114.76
292,2025-03-16,PIX RECEBIDO DA MOTA,Crédito,16959.65,False,2025-03,16959.65
293,2025-03-16,PAGTO VASCONCELOS,Débito,8809.49,False,2025-03,-8809.49
294,2025-03-17,PAGTO BORGES DA ROCHA LTDA.,Débito,14033.56,False,2025-03,-14033.56
295,2025-03-17,PAGTO SAMPAIO,Débito,8548.26,False,2025-03,-8548.26
296,2025-03-17,PAGTO GUERRA,Débito,10685.51,False,2025-03,-10685.51
297,2025-03-17,PIX RECEBIDO MOREIRA CAVALCANTI - EI,Crédito,8934.17,False,2025-03,8934.17
298,2025-03-17,PIX RECEBIDO AZEVEDO,Crédito,1492.26,False,2025-03,1492.26
299,2025-03-17,PAGTO DA CRUZ,Débito,18721.79,False,2025-03,-18721.79
300,2025-03-18,PAGTO NUNES S.A.,Débito,19595.49,False,2025-03,-19595.49
301,2025-03-18,PAGTO MACEDO,Débito,11543.59,False,2025-03,-11543.59
302,2025-03-19,PAGTO VIEIRA FONSECA - EI,Débito,5711.99,False,2025-03,-5711.99
303,2025-03-20,PAGTO FREITAS,Débito,7026.17,False,2025-03,-7026.17
304,2025-03-20,PAGTO MACEDO,Débito,4943.57,False,2025-03,-4943.57
305,2025-03-20,PIX RECEBIDO PASTOR CUNHA S.A.,Crédito,17474.09,False,2025-03,17474.09
306,2025-03-20,PIX RECEBIDO GARCIA S/A,Crédito,6839.18,False,2025-03,6839.18
307,2025-03-20,PAGTO MARTINS,Débito,2906.2,True,2025-03,-2906.2
308,2025-03-20,PAGTO MARTINS,Débito,2906.2,True,2025-03,-2906.2
309,2025-03-20,PAGTO SALES,Débito,14528.55,False,2025-03,-14528.55
310,2025-03-20,PAGTO COSTELA - EI,Débito,8697.61,False,2025-03,-8697.61
311,2025-03-20,PIX RECEBIDO VIEIRA S.A.,Crédito,16652.54,False,2025-03,16652.54
312,2025-03-21,PIX RECEBIDO PORTO - ME,Crédito,10286.61,False,2025-03,10286.61
313,2025-03-21,PAGTO PASTOR,Débito,1545.68,False,2025-03,-1545.68
314,2025-03-22,PIX RECEBIDO JESUS,Crédito,8970.67,False,2025-03,8970.67
315,2025-03-22,PIX RECEBIDO DA ROSA - EI,Crédito,9014.94,False,2025-03,9014.94
316,2025-03-22,PIX RECEBIDO BORGES,Crédito,16742.32,False,2025-03,16742.32
317,2025-03-23,PAGTO SOUZA,Débito,8037.92,False,2025-03,-8037.92
318,2025-03-23,PAGTO MORAES MELO E FILHOS,Débito,10698.85,False,2025-03,-10698.85
319,2025-03-23,PIX RECEBIDO CAMPOS MARQUES S/A,Crédito,3757.33,False,2025-03,3757.33
320,2025-03-23,PAGTO NUNES,Débito,19391.67,False,2025-03,-19391.67
321,2025-03-23,PAGTO PEIXOTO GARCIA S.A.,Débito,2508.73,False,2025-03,-2508.73
322,2025-03-23,PIX RECEBIDO MARTINS LTDA.,Crédito,17221.13,False,2025-03,17221.13
323,2025-03-23,PIX RECEBIDO NASCIMENTO SIQUEIRA S.A.,Crédito,15196.72,False,2025-03,15196.72
324,2025-03-24,PIX RECEBIDO DAS NEVES E FILHOS,Crédito,4813.67,False,2025-03,4813.67
325,2025-03-24,PAGTO MENDONÇA,Débito,14246.81,False,2025-03,-14246.81
326,2025-03-24,PIX RECEBIDO PIMENTA BORGES S/A,Crédito,10569.7,False,2025-03,10569.7
327,2025-03-24,PAGTO RIOS,Débito,9004.45,False,2025-03,-9004.45
328,2025-03-24,PIX RECEBIDO ARAGÃO GONÇALVES E FILHOS,Crédito,7313.92,False,2025-03,7313.92
329,2025-03-24,PAGTO SÁ,Débito,4313.75,False,2025-03,-4313.75
330,2025-03-24,PIX RECEBIDO MACHADO,Crédito,11784.82,False,2025-03,11784.82
331,2025-03-25,PAGTO DA CRUZ,Débito,6444.85,False,2025-03,-6444.85
332,2025-03-25,PAGTO GUERRA FARIAS LTDA.,Débito,16234.28,False,2025-03,-16234.28
333,2025-03-25,PAGTO TEIXEIRA S.A.,Débito,18475.99,False,2025-03,-18475.99
334,2025-03-26,PAGTO NOVAIS - ME,Débito,13769.67,False,2025-03,-13769.67
335,2025-03-26,PIX RECEBIDO CARVALHO,Crédito,15931.29,False,2025-03,15931.29
336,2025-03-26,PIX RECEBIDO DA LUZ ARAGÃO S.A.,Crédito,15493.99,False,2025-03,15493.99
337,2025-03-27,PIX RECEBIDO CARDOSO VIANA - EI,Crédito,18388.14,False,2025-03,18388.14
338,2025-03-27,PAGTO GOMES SALES S.A.,Débito,8009.95,False,2025-03,-8009.95
339,2025-03-28,PIX RECEBIDO VIANA,Crédito,15994.51,False,2025-03,15994.51
340,2025-03-28,PAGTO SAMPAIO,Débito,2835.35,False,2025-03,-2835.35
341,2025-03-28,PIX RECEBIDO GONÇALVES PIMENTA E FILHOS,Crédito,19804.39,False,2025-03,19804.39
342,2025-03-28,PIX RECEBIDO ALBUQUERQUE,Crédito,10837.11,False,2025-03,10837.11
343,2025-03-28,PIX RECEBIDO PEREIRA,Crédito,19477.23,False,2025-03,19477.23
344,2025-03-29,PIX RECEBIDO SIQUEIRA,Crédito,9483.12,False,2025-03,9483.12
345,2025-03-29,PAGTO APARECIDA S/A,Débito,13868.97,False,2025-03,-13868.97
346,2025-03-29,PAGTO PASTOR CÂMARA S/A,Débito,10836.14,False,2025-03,-10836.14
347,2025-03-29,PAGTO LEÃO E FILHOS,Débito,1766.63,False,2025-03,-1766.63
348,2025-03-29,PIX RECEBIDO BORGES S.A.,Crédito,12221.36,False,2025-03,12221.36
349,2025-03-30,PAGTO SALES MELO E FILHOS,Débito,15959.86,False,2025-03,-15959.86
350,2025-03-30,PIX RECEBIDO GONÇALVES DA COSTA - EI,Crédito,11868.83,False,2025-03,11868.83
351,2025-03-30,PIX RECEBIDO GOMES,Crédito,2196.52,False,2025-03,2196.52
352,2025-03-30,PIX RECEBIDO DAS NEVES VIANA - ME,Crédito,4025.55,False,2025-03,4025.55
353,2025-03-31,PAGTO CÂMARA,Débito,8029.55,False,2025-03,-8029.55
354,2025-03-31,PIX RECEBIDO PORTO,Crédito,2193.34,False,2025-03,2193.34
355,2025-03-31,PAGTO OLIVEIRA,Débito,5537.05,False,2025-03,-5537.05
356,2025-03-31,PIX RECEBIDO ALBUQUERQUE FOGAÇA S.A.,Crédito,800.23,False,2025-03,800.23
357,2025-04-01,PAGTO DA CONCEIÇÃO E FILHOS,Débito,14626.03,False,2025-04,-14626.03
358,2025-04-01,PAGTO RAMOS,Débito,13552.14,False,2025-04,-13552.14
359,2025-04-01,PAGTO GOMES,Débito,554.31,False,2025-04,-554.31
360,2025-04-01,TARIFA MANUTENCAO CONTA,Débito,89.9,False,2025-04,-89.9
361,2025-04-01,PAGTO FONSECA LTDA.,Débito,11419.96,False,2025-04,-11419.96
362,2025-04-01,PAGTO CALDEIRA,Débito,9662.38,False,2025-04,-9662.38
363,2025-04-02,PAGTO SOUSA,Débito,15768.3,False,2025-04,-15768.3
364,2025-04-02,PAGTO DA COSTA CORREIA - EI,Débito,8390.14,False,2025-04,-8390.14
365,2025-04-02,PAGTO DAS NEVES - ME,Débito,14556.14,False,2025-04,-14556.14
366,2025-04-03,PAGTO NOVAES ARAÚJO - ME,Débito,3567.33,False,2025-04,-3567.33
367,2025-04-03,PAGTO GUERRA SALES S.A.,Débito,13308.99,False,2025-04,-13308.99
368,2025-04-03,PAGTO PEREIRA,Débito,2287.63,False,2025-04,-2287.63
369,2025-04-04,PAGTO JESUS REZENDE S.A.,Débito,7901.13,False,2025-04,-7901.13
370,2025-04-04,PAGTO GARCIA E FILHOS,Débito,7382.49,False,2025-04,-7382.49
371,2025-04-04,PIX RECEBIDO ARAÚJO MACHADO S/A,Crédito,14644.74,False,2025-04,14644.74
372,2025-04-04,PIX RECEBIDO CALDEIRA - ME,Crédito,19794.72,False,2025-04,19794.72
373,2025-04-04,PIX RECEBIDO CAVALCANTE,Crédito,13120.09,False,2025-04,13120.09
374,2025-04-04,PIX RECEBIDO DA ROSA,Crédito,3963.47,False,2025-04,3963.47
375,2025-04-05,PIX RECEBIDO OLIVEIRA S.A.,Crédito,13221.77,False,2025-04,13221.77
376,2025-04-05,PIX RECEBIDO PINTO,Crédito,13906.77,False,2025-04,13906.77
377,2025-04-05,PIX RECEBIDO VASCONCELOS,Crédito,6247.94,False,2025-04,6247.94
378,2025-04-05,PAGTO MARTINS,Débito,12307.04,False,2025-04,-12307.04
379,2025-04-05,PAGTO SIQUEIRA LOPES E FILHOS,Débito,1249.53,False,2025-04,-1249.53
380,2025-04-06,PAGTO NOGUEIRA,Débito,1562.7,False,2025-04,-1562.7
381,2025-04-06,PAGTO REZENDE,Débito,4824.18,False,2025-04,-4824.18
382,2025-04-06,PIX RECEBIDO DA LUZ VIANA E FILHOS,Crédito,18215.28,False,2025-04,18215.28
383,2025-04-06,PAGTO MACEDO,Débito,17015.7,False,2025-04,-17015.7
384,2025-04-06,PAGTO BORGES,Débito,12450.6,False,2025-04,-12450.6
385,2025-04-06,PAGTO GOMES,Débito,5868.43,False,2025-04,-5868.43
386,2025-04-06,PAGTO GOMES LTDA.,Débito,3027.9,False,2025-04,-3027.9
387,2025-04-07,PIX RECEBIDO SALES AZEVEDO LTDA.,Crédito,1395.85,False,2025-04,1395.85
388,2025-04-07,PIX RECEBIDO CASTRO,Crédito,6012.25,False,2025-04,6012.25
389,2025-04-07,PAGTO TEIXEIRA - EI,Débito,1943.62,False,2025-04,-1943.62
390,2025-04-07,PIX RECEBIDO JESUS LTDA.,Crédito,13764.47,False,2025-04,13764.47
391,2025-04-07,PAGTO CAVALCANTE,Débito,3344.81,False,2025-04,-3344.81
392,2025-04-07,PAGTO CASTRO E FILHOS,Débito,10188.81,False,2025-04,-10188.81
393,2025-04-07,PAGTO FARIAS - EI,Débito,4394.29,False,2025-04,-4394.29
394,2025-04-07,PAGTO DA CRUZ - EI,Débito,3308.85,False,2025-04,-3308.85
395,2025-04-08,PIX RECEBIDO CASSIANO S.A.,Crédito,13430.39,False,2025-04,13430.39
396,2025-04-08,PAGTO CAVALCANTE,Débito,9160.1,False,2025-04,-9160.1
397,2025-04-08,PIX RECEBIDO GUERRA - EI,Crédito,7371.37,False,2025-04,7371.37
398,2025-04-08,PAGTO SILVEIRA S/A,Débito,6596.33,False,2025-04,-6596.33
399,2025-04-08,PIX RECEBIDO GONÇALVES,Crédito,11714.5,False,2025-04,11714.5
400,2025-04-08,PAGTO SILVEIRA LTDA.,Débito,10965.27,False,2025-04,-10965.27
401,2025-04-09,PAGTO VIEIRA - ME,Débito,1612.86,False,2025-04,-1612.86
402,2025-04-09,PAGTO ARAÚJO,Débito,13227.51,False,2025-04,-13227.51
403,2025-04-10,PIX RECEBIDO ALMEIDA,Crédito,15993.64,False,2025-04,15993.64
404,2025-04-10,PAGTO SAMPAIO,Débito,5773.62,False,2025-04,-5773.62
405,2025-04-10,PAGTO MONTENEGRO E FILHOS,Débito,18338.6,False,2025-04,-18338.6
406,2025-04-10,PIX RECEBIDO MOURA S/A,Crédito,17120.66,False,2025-04,17120.66
407,2025-04-10,PAGTO PASTOR S/A,Débito,3492.53,False,2025-04,-3492.53
408,2025-04-10,PAGTO ANDRADE DIAS - ME,Débito,16746.9,False,2025-04,-16746.9
409,2025-04-11,PIX RECEBIDO FARIAS S/A,Crédito,4626.64,False,2025-04,4626.64
410,2025-04-11,PAGTO CAMPOS NOVAIS - ME,Débito,9017.62,False,2025-04,-9017.62
411,2025-04-11,PAGTO DA CUNHA S.A.,Débito,9288.85,False,2025-04,-9288.85
412,2025-04-11,PIX RECEBIDO GUERRA S/A,Crédito,5606.31,False,2025-04,5606.31
413,2025-04-11,PAGTO BRITO MARTINS S/A,Débito,11689.82,False,2025-04,-11689.82
414,2025-04-11,PAGTO NOGUEIRA,Débito,2694.34,False,2025-04,-2694.34
415,2025-04-12,PAGTO JESUS,Débito,8362.79,False,2025-04,-8362.79
416,2025-04-13,PAGTO ARAGÃO,Débito,11768.4,False,2025-04,-11768.4
417,2025-04-13,PAGTO DA MATA,Débito,10332.15,False,2025-04,-10332.15
418,2025-04-13,PIX RECEBIDO MENDONÇA PORTO - EI,Crédito,9696.03,False,2025-04,9696.03
419,2025-04-14,PIX RECEBIDO BORGES - ME,Crédito,8852.38,False,2025-04,8852.38
420,2025-04-14,PIX RECEBIDO SOUZA,Crédito,7077.73,True,2025-04,7077.73
421,2025-04-14,PAGTO MACEDO,Débito,10463.78,False,2025-04,-10463.78
422,2025-04-14,PIX RECEBIDO SOUZA,Crédito,7077.73,True,2025-04,7077.73
423,2025-04-14,PAGTO DA COSTA - ME,Débito,9272.01,False,2025-04,-9272.01
424,2025-04-14,PAGTO FONSECA,Débito,6092.5,False,2025-04,-6092.5
425,2025-04-14,PIX RECEBIDO PASTOR,Crédito,5966.8,False,2025-04,5966.8
426,2025-04-15,PIX RECEBIDO FREITAS,Crédito,3153.46,False,2025-04,3153.46
427,2025-04-15,PIX RECEBIDO AZEVEDO SANTOS S.A.,Crédito,5825.61,False,2025-04,5825.61
428,2025-04-16,PIX RECEBIDO PORTO SÁ - ME,Crédito,18504.31,False,2025-04,18504.31
429,2025-04-16,PAGTO MELO,Débito,17323.89,False,2025-04,-17323.89
430,2025-04-16,PIX RECEBIDO SILVA,Crédito,19000.26,False,2025-04,19000.26
431,2025-04-17,PAGTO DIAS,Débito,13294.93,False,2025-04,-13294.93
432,2025-04-17,PIX RECEBIDO PEREIRA E FILHOS,Crédito,4350.31,False,2025-04,4350.31
433,2025-04-17,PAGTO CARVALHO MORAES - ME,Débito,6596.7,False,2025-04,-6596.7
434,2025-04-17,PIX RECEBIDO SAMPAIO ALBUQUERQUE S.A.,Crédito,4206.66,False,2025-04,4206.66
435,2025-04-18,PAGTO PORTO NUNES S/A,Débito,17933.68,False,2025-04,-17933.68
436,2025-04-18,PIX RECEBIDO MARTINS,Crédito,2623.51,False,2025-04,2623.51
437,2025-04-18,PIX RECEBIDO CAVALCANTE,Crédito,2217.07,False,2025-04,2217.07
438,2025-04-18,PAGTO NOGUEIRA DA ROCHA LTDA.,Débito,11161.18,False,2025-04,-11161.18
439,2025-04-19,PIX RECEBIDO AZEVEDO TEIXEIRA - EI,Crédito,4485.46,False,2025-04,4485.46
440,2025-04-19,PAGTO LOPES VIANA - EI,Débito,16598.66,False,2025-04,-16598.66
441,2025-04-19,PIX RECEBIDO REZENDE DA ROSA S.A.,Crédito,4671.58,False,2025-04,4671.58
442,2025-04-19,PIX RECEBIDO DA MOTA,Crédito,18321.45,False,2025-04,18321.45
443,2025-04-20,PIX RECEBIDO DA PAZ,Crédito,4174.03,False,2025-04,4174.03
444,2025-04-20,PIX RECEBIDO DA MOTA MACEDO S/A,Crédito,1518.44,True,2025-04,1518.44
445,2025-04-20,PIX RECEBIDO DA MOTA MACEDO S/A,Crédito,1518.44,True,2025-04,1518.44
446,2025-04-21,PAGTO ARAÚJO MORAES S/A,Débito,4514.82,False,2025-04,-4514.82
447,2025-04-21,PIX RECEBIDO NASCIMENTO DA PAZ S.A.,Crédito,2565.55,False,2025-04,2565.55
448,2025-04-21,PIX RECEBIDO GONÇALVES,Crédito,17031.06,False,2025-04,17031.06
449,2025-04-21,PIX RECEBIDO SÁ,Crédito,6260.52,False,2025-04,6260.52
450,2025-04-22,PAGTO OLIVEIRA,Débito,4439.82,False,2025-04,-4439.82
451,2025-04-22,PIX RECEBIDO VIANA,Crédito,2866.11,False,2025-04,2866.11
452,2025-04-23,PAGTO DA MATA NUNES S/A,Débito,8944.58,False,2025-04,-8944.58
453,2025-04-23,PAGTO ARAÚJO DA COSTA - EI,Débito,2880.49,False,2025-04,-2880.49
454,2025-04-23,PAGTO VARGAS CARVALHO LTDA.,Débito,10730.86,False,2025-04,-10730.86
455,2025-04-23,PIX RECEBIDO ARAÚJO DA CRUZ S/A,Crédito,9296.11,False,2025-04,9296.11
456,2025-04-23,PAGTO FARIAS,Débito,15331.54,False,2025-04,-15331.54
457,2025-04-23,PIX RECEBIDO MACEDO,Crédito,9560.02,False,2025-04,9560.02
458,2025-04-23,PAGTO BARROS,Débito,7719.78,False,2025-04,-7719.78
459,2025-04-23,PAGTO PIRES BRITO E FILHOS,Débito,17991.52,False,2025-04,-17991.52
460,2025-04-24,PIX RECEBIDO ABREU,Crédito,17757.72,False,2025-04,17757.72
461,2025-04-24,PIX RECEBIDO MARQUES,Crédito,13683.72,False,2025-04,13683.72
462,2025-04-24,PAGTO FERNANDES,Débito,3857.08,False,2025-04,-3857.08
463,2025-04-24,PAGTO OLIVEIRA,Débito,5004.57,False,2025-04,-5004.57
464,2025-04-24,PAGTO DA PAZ,Débito,15295.36,False,2025-04,-15295.36
465,2025-04-25,PIX RECEBIDO DA LUZ,Crédito,14153.17,False,2025-04,14153.17
466,2025-04-25,PIX RECEBIDO ABREU,Crédito,7819.52,False,2025-04,7819.52
467,2025-04-26,PAGTO ALMEIDA MOURA - ME,Débito,8873.71,False,2025-04,-8873.71
468,2025-04-26,PAGTO PACHECO FOGAÇA S/A,Débito,7417.2,False,2025-04,-7417.2
469,2025-04-26,PIX RECEBIDO CORREIA JESUS E FILHOS,Crédito,3611.68,False,2025-04,3611.68
470,2025-04-27,PAGTO NUNES,Débito,12645.9,False,2025-04,-12645.9
471,2025-04-27,PAGTO BORGES,Débito,11513.92,False,2025-04,-11513.92
472,2025-04-27,PAGTO DA MOTA GUERRA S.A.,Débito,8929.3,False,2025-04,-8929.3
473,2025-04-28,PIX RECEBIDO ALBUQUERQUE,Crédito,4053.96,False,2025-04,4053.96
474,2025-04-28,PIX RECEBIDO SILVA SANTOS E FILHOS,Crédito,17309.34,False,2025-04,17309.34
475,2025-04-28,PAGTO MONTEIRO,Débito,6140.12,False,2025-04,-6140.12
476,2025-04-28,PAGTO MARQUES LTDA.,Débito,2481.97,False,2025-04,-2481.97
477,2025-04-28,PIX RECEBIDO PIMENTA,Crédito,8039.86,False,2025-04,8039.86
478,2025-04-29,PIX RECEBIDO FERREIRA DAS NEVES LTDA.,Crédito,5682.4,False,2025-04,5682.4
479,2025-04-29,PAGTO REZENDE,Débito,8313.92,False,2025-04,-8313.92
480,2025-04-29,PAGTO CALDEIRA,Débito,8821.51,False,2025-04,-8821.51
481,2025-04-29,PIX RECEBIDO ABREU NOVAES S.A.,Crédito,2261.66,False,2025-04,2261.66
482,2025-04-30,PAGTO SÁ S/A,Débito,612.33,False,2025-04,-612.33
483,2025-04-30,PAGTO SILVEIRA,Débito,19051.18,False,2025-04,-19051.18
484,2025-04-30,PIX RECEBIDO CIRINO,Crédito,12227.07,False,2025-04,12227.07
485,2025-04-30,PIX RECEBIDO FOGAÇA NOVAES - ME,Crédito,9897.97,False,2025-04,9897.97
486,2025-04-30,PAGTO SIQUEIRA,Débito,15514.38,False,2025-04,-15514.38
487,2025-04-30,PAGTO AZEVEDO S.A.,Débito,8413.82,False,2025-04,-8413.82
488,2025-05-01,PAGTO CIRINO SALES - EI,Débito,10314.03,False,2025-05,-10314.03
489,2025-05-01,PAGTO COSTELA,Débito,8363.93,False,2025-05,-8363.93
490,2025-05-01,PAGTO VASCONCELOS FERREIRA LTDA.,Débito,1319.47,False,2025-05,-1319.47
491,2025-05-01,TARIFA MANUTENCAO CONTA,Débito,89.9,False,2025-05,-89.9
492,2025-05-02,PAGTO SANTOS,Débito,10261.39,False,2025-05,-10261.39
493,2025-05-02,PAGTO VIANA,Débito,2644.22,False,2025-05,-2644.22
494,2025-05-02,PIX RECEBIDO CAMARGO,Crédito,9648.47,False,2025-05,9648.47
495,2025-05-02,PAGTO CASTRO - ME,Débito,5018.53,False,2025-05,-5018.53
496,2025-05-03,PIX RECEBIDO SALES,Crédito,18252.95,False,2025-05,18252.95
497,2025-05-03,PIX RECEBIDO SÁ,Crédito,15542.18,False,2025-05,15542.18
498,2025-05-03,PAGTO CAVALCANTI,Débito,9763.66,False,2025-05,-9763.66
499,2025-05-03,PIX RECEBIDO FARIAS E FILHOS,Crédito,9567.16,False,2025-05,9567.16
500,2025-05-03,PAGTO DA COSTA - ME,Débito,286.53,False,2025-05,-286.53
501,2025-05-03,PAGTO ABREU LTDA.,Débito,16876.59,False,2025-05,-16876.59
502,2025-05-03,PAGTO DA COSTA - ME,Débito,17519.21,False,2025-05,-17519.21
503,2025-05-04,PAGTO MONTENEGRO E FILHOS,Débito,15355.76,False,2025-05,-15355.76
504,2025-05-04,PIX RECEBIDO ROCHA E FILHOS,Crédito,5912.64,False,2025-05,5912.64
505,2025-05-04,PAGTO CASSIANO,Débito,16454.28,False,2025-05,-16454.28
506,2025-05-04,PAGTO MORAES S.A.,Débito,3457.73,False,2025-05,-3457.73
507,2025-05-04,PIX RECEBIDO CARVALHO,Crédito,10051.75,False,2025-05,10051.75
508,2025-05-04,PAGTO PEIXOTO DA LUZ LTDA.,Débito,5015.24,False,2025-05,-5015.24
509,2025-05-04,PIX RECEBIDO FREITAS,Crédito,873.17,False,2025-05,873.17
510,2025-05-04,PAGTO CAVALCANTI,Débito,4663.71,False,2025-05,-4663.71
511,2025-05-05,PAGTO MENDES BARBOSA S.A.,Débito,6467.27,False,2025-05,-6467.27
512,2025-05-05,PIX RECEBIDO NASCIMENTO DUARTE - ME,Crédito,1020.59,False,2025-05,1020.59
513,2025-05-06,PAGTO LEÃO,Débito,446.98,False,2025-05,-446.98
514,2025-05-06,PIX RECEBIDO SIQUEIRA - ME,Crédito,1209.02,False,2025-05,1209.02
515,2025-05-06,PAGTO RIBEIRO,Débito,17914.12,False,2025-05,-17914.12
516,2025-05-06,PAGTO SILVEIRA,Débito,14910.09,False,2025-05,-14910.09
517,2025-05-07,PAGTO RODRIGUES S/A,Débito,16464.13,False,2025-05,-16464.13
518,2025-05-07,PAGTO VIEIRA - EI,Débito,14364.58,False,2025-05,-14364.58
519,2025-05-07,PAGTO BARBOSA,Débito,6983.52,False,2025-05,-6983.52
520,2025-05-07,PIX RECEBIDO MARTINS,Crédito,13698.81,False,2025-05,13698.81
521,2025-05-07,PAGTO BRITO S.A.,Débito,16223.14,False,2025-05,-16223.14
522,2025-05-07,PAGTO CAVALCANTI,Débito,16595.66,False,2025-05,-16595.66
523,2025-05-08,PIX RECEBIDO SAMPAIO,Crédito,12346.39,False,2025-05,12346.39
524,2025-05-08,PIX RECEBIDO LEÃO,Crédito,13941.75,False,2025-05,13941.75
525,2025-05-08,PAGTO MACEDO,Débito,3435.8,False,2025-05,-3435.8
526,2025-05-08,PAGTO SANTOS AZEVEDO S/A,Débito,18806.46,False,2025-05,-18806.46
527,2025-05-08,PIX RECEBIDO BARROS S/A,Crédito,5688.34,False,2025-05,5688.34
528,2025-05-08,PAGTO DA COSTA DA ROCHA LTDA.,Débito,6145.72,False,2025-05,-6145.72
529,2025-05-08,PAGTO MACHADO,Débito,7778.49,False,2025-05,-7778.49
530,2025-05-09,PIX RECEBIDO NOVAES,Crédito,17257.23,False,2025-05,17257.23
531,2025-05-09,PIX RECEBIDO SIQUEIRA,Crédito,10204.91,False,2025-05,10204.91
532,2025-05-09,PAGTO ABREU,Débito,4872.51,False,2025-05,-4872.51
533,2025-05-09,PAGTO FREITAS E FILHOS,Débito,4507.16,False,2025-05,-4507.16
534,2025-05-09,PAGTO PIMENTA E FILHOS,Débito,13086.22,False,2025-05,-13086.22
535,2025-05-09,PAGTO GUERRA,Débito,10107.99,False,2025-05,-10107.99
536,2025-05-10,PIX RECEBIDO GARCIA,Crédito,13679.98,False,2025-05,13679.98
537,2025-05-10,PAGTO NUNES LTDA.,Débito,17613.56,False,2025-05,-17613.56
538,2025-05-11,PIX RECEBIDO NOGUEIRA,Crédito,11970.67,False,2025-05,11970.67
539,2025-05-11,PAGTO MARQUES ABREU E FILHOS,Débito,3687.41,False,2025-05,-3687.41
540,2025-05-12,PAGTO LOPES,Débito,275.54,False,2025-05,-275.54
541,2025-05-12,PIX RECEBIDO SILVA DUARTE S.A.,Crédito,12651.29,False,2025-05,12651.29
542,2025-05-12,PAGTO DA ROCHA APARECIDA LTDA.,Débito,3759.04,False,2025-05,-3759.04
543,2025-05-12,PIX RECEBIDO ARAÚJO - ME,Crédito,8881.09,False,2025-05,8881.09
544,2025-05-12,PAGTO SALES LTDA.,Débito,11415.87,False,2025-05,-11415.87
545,2025-05-12,PAGTO JESUS LTDA.,Débito,17164.6,False,2025-05,-17164.6
546,2025-05-13,PIX RECEBIDO DA CRUZ MOURA - ME,Crédito,18167.76,False,2025-05,18167.76
547,2025-05-13,PAGTO VASCONCELOS E FILHOS,Débito,4519.6,False,2025-05,-4519.6
548,2025-05-14,PAGTO RAMOS,Débito,3856.91,False,2025-05,-3856.91
549,2025-05-14,PIX RECEBIDO BORGES E FILHOS,Crédito,14391.93,False,2025-05,14391.93
550,2025-05-14,PIX RECEBIDO PACHECO,Crédito,5607.39,False,2025-05,5607.39
551,2025-05-15,PAGTO ARAGÃO,Débito,9648.09,False,2025-05,-9648.09
552,2025-05-15,PIX RECEBIDO GUERRA CAMPOS - EI,Crédito,8835.1,False,2025-05,8835.1
553,2025-05-15,PIX RECEBIDO VASCONCELOS,Crédito,12594.4,False,2025-05,12594.4
554,2025-05-15,PAGTO FARIAS,Débito,238.31,False,2025-05,-238.31
555,2025-05-16,PIX RECEBIDO SAMPAIO LIMA LTDA.,Crédito,19765.3,False,2025-05,19765.3
556,2025-05-17,PAGTO CAVALCANTI,Débito,19897.24,False,2025-05,-19897.24
557,2025-05-17,PAGTO DA CONCEIÇÃO MONTENEGRO - EI,Débito,6974.75,False,2025-05,-6974.75
558,2025-05-17,PAGTO CASSIANO,Débito,8566.74,False,2025-05,-8566.74
559,2025-05-17,PAGTO CASTRO,Débito,15879.64,False,2025-05,-15879.64
560,2025-05-17,PIX RECEBIDO AZEVEDO,Crédito,4933.4,False,2025-05,4933.4
561,2025-05-17,PIX RECEBIDO SÁ,Crédito,18992.67,False,2025-05,18992.67
562,2025-05-18,PIX RECEBIDO SANTOS,Crédito,7884.97,False,2025-05,7884.97
563,2025-05-18,PAGTO PEIXOTO - EI,Débito,14634.19,False,2025-05,-14634.19
564,2025-05-19,PAGTO LIMA,Débito,9604.25,False,2025-05,-9604.25
565,2025-05-19,PIX RECEBIDO MENDES COSTELA LTDA.,Crédito,18038.45,False,2025-05,18038.45
566,2025-05-19,PAGTO SAMPAIO,Débito,19553.49,False,2025-05,-19553.49
567,2025-05-19,PAGTO SOUSA PORTO S/A,Débito,295.86,False,2025-05,-295.86
568,2025-05-20,PIX RECEBIDO MENDONÇA,Crédito,13691.52,False,2025-05,13691.52
569,2025-05-20,PIX RECEBIDO DA MOTA,Crédito,6006.94,False,2025-05,6006.94
570,2025-05-20,PAGTO FERNANDES LTDA.,Débito,17508.94,False,2025-05,-17508.94
571,2025-05-21,PAGTO PIRES,Débito,12362.32,False,2025-05,-12362.32
572,2025-05-21,PIX RECEBIDO BARROS,Crédito,13309.11,False,2025-05,13309.11
573,2025-05-21,PAGTO CIRINO,Débito,2917.04,False,2025-05,-2917.04
574,2025-05-21,PIX RECEBIDO MELO,Crédito,3333.88,False,2025-05,3333.88
575,2025-05-21,PIX RECEBIDO CAVALCANTE,Crédito,13219.9,False,2025-05,13219.9
576,2025-05-22,PAGTO DA MOTA FREITAS - ME,Débito,4148.91,False,2025-05,-4148.91
577,2025-05-22,PAGTO BRITO GARCIA LTDA.,Débito,13661.57,False,2025-05,-13661.57
578,2025-05-23,PAGTO FOGAÇA S/A,Débito,15879.05,False,2025-05,-15879.05
579,2025-05-23,PAGTO JESUS SOUSA - ME,Débito,11361.84,False,2025-05,-11361.84
580,2025-05-23,PAGTO BARROS E FILHOS,Débito,11346.83,False,2025-05,-11346.83
581,2025-05-23,PIX RECEBIDO PEIXOTO LTDA.,Crédito,18723.32,False,2025-05,18723.32
582,2025-05-24,PIX RECEBIDO BORGES CIRINO - ME,Crédito,4293.23,False,2025-05,4293.23
583,2025-05-24,PAGTO VASCONCELOS,Débito,9392.33,False,2025-05,-9392.33
584,2025-05-24,PAGTO CUNHA LTDA.,Débito,4582.95,False,2025-05,-4582.95
585,2025-05-24,PAGTO FOGAÇA,Débito,11680.3,False,2025-05,-11680.3
586,2025-05-25,PIX RECEBIDO CALDEIRA SAMPAIO LTDA.,Crédito,3730.02,True,2025-05,3730.02
587,2025-05-25,PIX RECEBIDO CALDEIRA SAMPAIO LTDA.,Crédito,3730.02,True,2025-05,3730.02
588,2025-05-25,PIX RECEBIDO FONSECA,Crédito,4520.08,False,2025-05,4520.08
589,2025-05-25,PAGTO MARQUES,Débito,18186.06,False,2025-05,-18186.06
590,2025-05-26,PAGTO MACHADO,Débito,9557.59,True,2025-05,-9557.59
591,2025-05-26,PAGTO MACHADO,Débito,9557.59,True,2025-05,-9557.59
592,2025-05-26,PAGTO GOMES MARQUES LTDA.,Débito,4169.33,False,2025-05,-4169.33
593,2025-05-26,PAGTO BARBOSA,Débito,13950.01,False,2025-05,-13950.01
594,2025-05-27,PAGTO PEIXOTO S/A,Débito,3251.39,False,2025-05,-3251.39
595,2025-05-27,PIX RECEBIDO NOVAES - EI,Crédito,15839.7,False,2025-05,15839.7
596,2025-05-27,PAGTO VIANA LTDA.,Débito,2182.05,False,2025-05,-2182.05
597,2025-05-27,PIX RECEBIDO DA COSTA CAVALCANTI - EI,Crédito,14117.61,False,2025-05,14117.61
598,2025-05-27,PIX RECEBIDO PINTO,Crédito,6202.49,False,2025-05,6202.49
599,2025-05-28,PIX RECEBIDO SILVA SAMPAIO - ME,Crédito,13034.67,False,2025-05,13034.67
600,2025-05-28,PIX RECEBIDO DA ROCHA,Crédito,2507.73,False,2025-05,2507.73
601,2025-05-28,PAGTO DA ROSA ALBUQUERQUE E FILHOS,Débito,8931.43,False,2025-05,-8931.43
602,2025-05-28,PAGTO PEIXOTO,Débito,9566.49,False,2025-05,-9566.49
603,2025-05-29,PAGTO RIOS CALDEIRA LTDA.,Débito,13316.81,False,2025-05,-13316.81
604,2025-05-29,PIX RECEBIDO MOURA,Crédito,1483.18,False,2025-05,1483.18
605,2025-05-30,PAGTO BARROS S/A,Débito,535.54,False,2025-05,-535.54
606,2025-05-30,PAGTO PIMENTA,Débito,12302.63,False,2025-05,-12302.63
607,2025-05-30,PIX RECEBIDO CUNHA FERNANDES - ME,Crédito,11837.1,False,2025-05,11837.1
608,2025-05-30,PIX RECEBIDO RAMOS,Crédito,6111.35,False,2025-05,6111.35
609,2025-05-30,PIX RECEBIDO SOUZA,Crédito,961.27,False,2025-05,961.27
610,2025-05-31,PAGTO PEREIRA,Débito,9863.78,False,2025-05,-9863.78
611,2025-05-31,PAGTO NOVAIS CAVALCANTE - ME,Débito,4534.44,False,2025-05,-4534.44
612,2025-05-31,PAGTO MONTEIRO E FILHOS,Débito,2418.12,False,2025-05,-2418.12
613,2025-05-31,PAGTO MENDONÇA,Débito,18062.04,False,2025-05,-18062.04
614,2025-05-31,PIX RECEBIDO SALES,Crédito,5090.26,False,2025-05,5090.26
615,2025-06-01,PIX RECEBIDO NUNES GOMES E FILHOS,Crédito,13161.5,False,2025-06,13161.5
616,2025-06-01,PIX RECEBIDO CASSIANO S/A,Crédito,7246.14,False,2025-06,7246.14
617,2025-06-01,PIX RECEBIDO CARVALHO SILVEIRA - EI,Crédito,2754.42,False,2025-06,2754.42
618,2025-06-01,PIX RECEBIDO MACHADO SÁ LTDA.,Crédito,1202.69,False,2025-06,1202.69
619,2025-06-01,PIX RECEBIDO MOREIRA S.A.,Crédito,3988.7,False,2025-06,3988.7
620,2025-06-01,PAGTO PASTOR,Débito,14030.53,False,2025-06,-14030.53
621,2025-06-01,TARIFA MANUTENCAO CONTA,Débito,89.9,False,2025-06,-89.9
622,2025-06-01,PAGTO BARBOSA,Débito,9804.21,False,2025-06,-9804.21
623,2025-06-01,PIX RECEBIDO GONÇALVES PEIXOTO S/A,Crédito,8979.99,False,2025-06,8979.99
624,2025-06-01,PAGTO CASA GRANDE,Débito,11199.69,False,2025-06,-11199.69
625,2025-06-01,PAGTO CAMPOS SILVEIRA S.A.,Débito,2611.79,False,2025-06,-2611.79
626,2025-06-01,PAGTO DA LUZ,Débito,19488.28,False,2025-06,-19488.28
627,2025-06-02,PIX RECEBIDO BARROS LTDA.,Crédito,6419.25,False,2025-06,6419.25
628,2025-06-02,PIX RECEBIDO PIRES NOGUEIRA S/A,Crédito,12345.9,False,2025-06,12345.9
629,2025-06-02,PAGTO OLIVEIRA LOPES E FILHOS,Débito,15213.46,False,2025-06,-15213.46
630,2025-06-02,PAGTO RODRIGUES E FILHOS,Débito,5732.73,False,2025-06,-5732.73
631,2025-06-03,PIX RECEBIDO CARVALHO S.A.,Crédito,2254.15,False,2025-06,2254.15
632,2025-06-03,PIX RECEBIDO LIMA,Crédito,4480.26,False,2025-06,4480.26
633,2025-06-03,PAGTO FONSECA LTDA.,Débito,10087.05,False,2025-06,-10087.05
634,2025-06-04,PAGTO FONSECA DUARTE S.A.,Débito,7364.84,False,2025-06,-7364.84
635,2025-06-04,PAGTO GUERRA S/A,Débito,5283.01,False,2025-06,-5283.01
636,2025-06-04,PIX RECEBIDO BARBOSA,Crédito,392.48,False,2025-06,392.48
637,2025-06-04,PIX RECEBIDO MENDES,Crédito,1827.64,False,2025-06,1827.64
638,2025-06-04,PIX RECEBIDO MARQUES NOVAES S.A.,Crédito,6461.99,False,2025-06,6461.99
639,2025-06-05,PAGTO PACHECO - EI,Débito,8360.02,False,2025-06,-8360.02
640,2025-06-05,PAGTO GONÇALVES,Débito,3117.81,False,2025-06,-3117.81
641,2025-06-05,PIX RECEBIDO LOPES S.A.,Crédito,19343.9,False,2025-06,19343.9
642,2025-06-05,PAGTO CÂMARA,Débito,5671.21,False,2025-06,-5671.21
643,2025-06-06,PIX RECEBIDO CÂMARA AZEVEDO LTDA.,Crédito,15405.06,False,2025-06,15405.06
644,2025-06-06,PAGTO CALDEIRA,Débito,18704.93,False,2025-06,-18704.93
645,2025-06-06,PIX RECEBIDO FOGAÇA LTDA.,Crédito,3289.63,False,2025-06,3289.63
646,2025-06-07,PIX RECEBIDO CORREIA LEÃO E FILHOS,Crédito,7018.12,False,2025-06,7018.12
647,2025-06-07,PIX RECEBIDO GUERRA,Crédito,14706.9,False,2025-06,14706.9
648,2025-06-07,PIX RECEBIDO MENDONÇA CÂMARA LTDA.,Crédito,2995.34,False,2025-06,2995.34
649,2025-06-07,PIX RECEBIDO FOGAÇA - EI,Crédito,7678.43,False,2025-06,7678.43
650,2025-06-08,PAGTO MARTINS E FILHOS,Débito,727.07,False,2025-06,-727.07
651,2025-06-08,PIX RECEBIDO GOMES - ME,Crédito,194.37,False,2025-06,194.37
652,2025-06-08,PAGTO SILVEIRA,Débito,10567.18,False,2025-06,-10567.18
653,2025-06-08,PIX RECEBIDO VASCONCELOS E FILHOS,Crédito,17188.1,False,2025-06,17188.1
654,2025-06-08,PIX RECEBIDO CÂMARA CARVALHO S.A.,Crédito,3060.47,False,2025-06,3060.47
655,2025-06-08,PIX RECEBIDO MARTINS,Crédito,5386.15,False,2025-06,5386.15
656,2025-06-09,PIX RECEBIDO SALES,Crédito,9554.29,False,2025-06,9554.29
657,2025-06-10,PIX RECEBIDO SÁ SILVA - ME,Crédito,1776.11,False,2025-06,1776.11
658,2025-06-10,PIX RECEBIDO VARGAS,Crédito,2278.14,False,2025-06,2278.14
659,2025-06-10,PAGTO SILVEIRA MACEDO S/A,Débito,3437.82,False,2025-06,-3437.82
660,2025-06-10,PIX RECEBIDO CARVALHO LTDA.,Crédito,19980.94,False,2025-06,19980.94
661,2025-06-10,PAGTO ABREU - ME,Débito,9514.95,False,2025-06,-9514.95
662,2025-06-11,PAGTO MACHADO - EI,Débito,10809.45,False,2025-06,-10809.45
663,2025-06-11,PAGTO PIRES,Débito,2045.35,False,2025-06,-2045.35
664,2025-06-11,PAGTO SANTOS,Débito,16298.5,False,2025-06,-16298.5
665,2025-06-12,PIX RECEBIDO NASCIMENTO,Crédito,8667.14,False,2025-06,8667.14
666,2025-06-12,PAGTO CASA GRANDE BRITO S/A,Débito,11082.56,False,2025-06,-11082.56
667,2025-06-12,PAGTO DA LUZ,Débito,14709.79,False,2025-06,-14709.79
668,2025-06-12,PAGTO JESUS,Débito,3780.63,False,2025-06,-3780.63
669,2025-06-12,PIX RECEBIDO ALMEIDA,Crédito,9728.37,False,2025-06,9728.37
670,2025-06-12,PAGTO REZENDE,Débito,19469.13,False,2025-06,-19469.13
671,2025-06-12,PAGTO DA MOTA,Débito,8184.15,False,2025-06,-8184.15
672,2025-06-13,PAGTO MORAES GOMES - ME,Débito,5484.0,False,2025-06,-5484.0
673,2025-06-13,PAGTO ALMEIDA,Débito,2463.78,False,2025-06,-2463.78
674,2025-06-13,PAGTO BRITO BRITO E FILHOS,Débito,9596.86,False,2025-06,-9596.86
675,2025-06-13,PAGTO ARAGÃO - EI,Débito,7910.57,False,2025-06,-7910.57
676,2025-06-13,PIX RECEBIDO MACHADO - ME,Crédito,9656.53,False,2025-06,9656.53
677,2025-06-13,PAGTO JESUS,Débito,12506.95,False,2025-06,-12506.95
678,2025-06-13,PAGTO MACHADO DAS NEVES - ME,Débito,6971.37,False,2025-06,-6971.37
679,2025-06-14,PAGTO PIMENTA,Débito,9382.27,False,2025-06,-9382.27
680,2025-06-14,PAGTO DA ROCHA,Débito,6431.73,False,2025-06,-6431.73
681,2025-06-14,PAGTO CIRINO,Débito,15538.38,True,2025-06,-15538.38
682,2025-06-14,PAGTO PINTO,Débito,10389.81,False,2025-06,-10389.81
683,2025-06-14,PAGTO CIRINO,Débito,15538.38,True,2025-06,-15538.38
684,2025-06-15,PIX RECEBIDO FOGAÇA - EI,Crédito,511.89,False,2025-06,511.89
685,2025-06-15,PIX RECEBIDO APARECIDA,Crédito,13547.3,False,2025-06,13547.3
686,2025-06-15,PAGTO NOGUEIRA,Débito,770.13,False,2025-06,-770.13
687,2025-06-15,PAGTO RAMOS AZEVEDO E FILHOS,Débito,2250.42,False,2025-06,-2250.42
688,2025-06-15,PAGTO VARGAS,Débito,18999.02,False,2025-06,-18999.02
689,2025-06-15,PIX RECEBIDO PASTOR,Crédito,4966.11,False,2025-06,4966.11
690,2025-06-15,PAGTO BRITO,Débito,16033.97,False,2025-06,-16033.97
691,2025-06-15,PIX RECEBIDO SOUSA,Crédito,2643.66,False,2025-06,2643.66
692,2025-06-15,PIX RECEBIDO SOUSA GOMES LTDA.,Crédito,3872.5,False,2025-06,3872.5
693,2025-06-16,PIX RECEBIDO BRITO LTDA.,Crédito,1080.11,False,2025-06,1080.11
694,2025-06-16,PAGTO DUARTE,Débito,5534.79,False,2025-06,-5534.79
695,2025-06-16,PIX RECEBIDO FONSECA,Crédito,15196.34,False,2025-06,15196.34
696,2025-06-16,PAGTO NOVAIS,Débito,11065.48,False,2025-06,-11065.48
697,2025-06-17,PIX RECEBIDO CARVALHO - ME,Crédito,14375.81,False,2025-06,14375.81
698,2025-06-17,PAGTO LEÃO - EI,Débito,15137.27,False,2025-06,-15137.27
699,2025-06-18,PAGTO DA ROSA ANDRADE - ME,Débito,15014.22,False,2025-06,-15014.22
700,2025-06-18,PAGTO DA MOTA,Débito,18304.8,False,2025-06,-18304.8
701,2025-06-18,PIX RECEBIDO CAMPOS,Crédito,9137.1,False,2025-06,9137.1
702,2025-06-19,PAGTO VASCONCELOS,Débito,10511.65,False,2025-06,-10511.65
703,2025-06-19,PIX RECEBIDO DA MOTA APARECIDA S/A,Crédito,15106.99,False,2025-06,15106.99
704,2025-06-20,PIX RECEBIDO CAMPOS,Crédito,7945.6,False,2025-06,7945.6
705,2025-06-20,PAGTO PIRES - EI,Débito,1187.8,False,2025-06,-1187.8
706,2025-06-20,PIX RECEBIDO FERNANDES LTDA.,Crédito,16034.93,False,2025-06,16034.93
707,2025-06-20,PAGTO OLIVEIRA,Débito,12604.8,False,2025-06,-12604.8
708,2025-06-21,PAGTO BARBOSA LTDA.,Débito,7422.49,False,2025-06,-7422.49
709,2025-06-21,PAGTO CIRINO,Débito,5767.14,False,2025-06,-5767.14
710,2025-06-21,PAGTO LOPES CARDOSO S/A,Débito,18589.26,False,2025-06,-18589.26
711,2025-06-22,PIX RECEBIDO DA MOTA E FILHOS,Crédito,5840.84,False,2025-06,5840.84
712,2025-06-22,PAGTO MONTEIRO PACHECO S.A.,Débito,4266.35,False,2025-06,-4266.35
713,2025-06-22,PIX RECEBIDO DA COSTA,Crédito,7565.78,True,2025-06,7565.78
714,2025-06-22,PIX RECEBIDO DA CRUZ E FILHOS,Crédito,9143.68,False,2025-06,9143.68
715,2025-06-22,PIX RECEBIDO DA COSTA,Crédito,7565.78,True,2025-06,7565.78
716,2025-06-23,PIX RECEBIDO MELO ALVES - EI,Crédito,4220.25,False,2025-06,4220.25
717,2025-06-23,PAGTO CIRINO,Débito,12821.05,False,2025-06,-12821.05
718,2025-06-23,PAGTO MONTEIRO,Débito,6971.8,False,2025-06,-6971.8
719,2025-06-23,PIX RECEBIDO CAMARGO FARIAS S.A.,Crédito,18007.07,False,2025-06,18007.07
720,2025-06-24,PAGTO SOUZA,Débito,14292.75,False,2025-06,-14292.75
721,2025-06-24,PAGTO SIQUEIRA,Débito,3571.49,False,2025-06,-3571.49
722,2025-06-24,PAGTO GONÇALVES,Débito,19542.46,False,2025-06,-19542.46
723,2025-06-24,PAGTO MONTENEGRO CALDEIRA E FILHOS,Débito,3275.34,False,2025-06,-3275.34
724,2025-06-24,PAGTO NOGUEIRA ANDRADE LTDA.,Débito,17010.42,False,2025-06,-17010.42
725,2025-06-24,PAGTO NASCIMENTO,Débito,3529.07,False,2025-06,-3529.07
726,2025-06-24,PIX RECEBIDO NASCIMENTO,Crédito,9018.91,False,2025-06,9018.91
727,2025-06-25,PIX RECEBIDO DA CRUZ ARAGÃO E FILHOS,Crédito,14043.46,False,2025-06,14043.46
728,2025-06-25,PIX RECEBIDO ANDRADE NOVAES E FILHOS,Crédito,298.01,False,2025-06,298.01
729,2025-06-25,PIX RECEBIDO DA ROSA S/A,Crédito,2438.12,False,2025-06,2438.12
730,2025-06-25,PIX RECEBIDO MOREIRA MENDES LTDA.,Crédito,17741.43,False,2025-06,17741.43
731,2025-06-25,PIX RECEBIDO DA PAZ,Crédito,12293.44,False,2025-06,12293.44
732,2025-06-26,PAGTO GARCIA,Débito,562.62,False,2025-06,-562.62
733,2025-06-26,PAGTO VIANA,Débito,16535.56,False,2025-06,-16535.56
734,2025-06-26,PIX RECEBIDO BRITO ARAGÃO - ME,Crédito,235.01,False,2025-06,235.01
735,2025-06-26,PAGTO GARCIA,Débito,843.08,False,2025-06,-843.08
736,2025-06-28,PIX RECEBIDO LIMA E FILHOS,Crédito,7455.57,False,2025-06,7455.57
737,2025-06-28,PIX RECEBIDO FERREIRA,Crédito,1309.53,False,2025-06,1309.53
738,2025-06-28,PIX RECEBIDO CAMARGO,Crédito,11971.56,False,2025-06,11971.56
739,2025-06-28,PIX RECEBIDO PASTOR - EI,Crédito,12610.88,False,2025-06,12610.88
740,2025-06-28,PAGTO REZENDE E FILHOS,Débito,10220.38,False,2025-06,-10220.38
741,2025-06-29,PAGTO FREITAS S.A.,Débito,6427.22,False,2025-06,-6427.22
742,2025-06-29,PAGTO FOGAÇA S.A.,Débito,2977.79,False,2025-06,-2977.79
743,2025-06-29,PIX RECEBIDO DA ROCHA S/A,Crédito,13029.61,False,2025-06,13029.61
744,2025-06-30,PIX RECEBIDO AZEVEDO,Crédito,3394.07,False,2025-06,3394.07
745,2025-06-30,PIX RECEBIDO DA MATA,Crédito,16043.34,False,2025-06,16043.34
746,2025-06-30,PIX RECEBIDO DA COSTA,Crédito,13119.89,False,2025-06,13119.89
747,2025-06-30,PIX RECEBIDO GOMES,Crédito,2110.48,False,2025-06,2110.48
748,2025-06-30,PAGTO CALDEIRA,Débito,2181.89,False,2025-06,-2181.89
749,2025-06-30,PIX RECEBIDO FONSECA,Crédito,5207.23,False,2025-06,5207.23
750,2025-07-01,TARIFA MANUTENCAO CONTA,Débito,89.9,False,2025-07,-89.9
751,2025-07-01,PAGTO VARGAS,Débito,15104.37,False,2025-07,-15104.37
752,2025-07-02,PAGTO DA PAZ S/A,Débito,3211.74,False,2025-07,-3211.74
753,2025-07-02,PAGTO ALBUQUERQUE - ME,Débito,6583.87,False,2025-07,-6583.87
754,2025-07-02,PIX RECEBIDO FONSECA,Crédito,1042.09,False,2025-07,1042.09
755,2025-07-02,PAGTO PIMENTA,Débito,6770.52,False,2025-07,-6770.52
756,2025-07-03,PIX RECEBIDO SILVEIRA,Crédito,7797.15,False,2025-07,7797.15
757,2025-07-03,PAGTO CUNHA,Débito,11178.95,False,2025-07,-11178.95
758,2025-07-03,PAGTO MACHADO PASTOR - ME,Débito,11155.23,False,2025-07,-11155.23
759,2025-07-03,PAGTO MENDES,Débito,9996.55,False,2025-07,-9996.55
760,2025-07-03,PIX RECEBIDO SIQUEIRA CÂMARA S/A,Crédito,2360.59,False,2025-07,2360.59
761,2025-07-03,PIX RECEBIDO FARIAS S/A,Crédito,5915.84,False,2025-07,5915.84
762,2025-07-04,PIX RECEBIDO MONTENEGRO,Crédito,546.6,False,2025-07,546.6
763,2025-07-04,PIX RECEBIDO CASSIANO,Crédito,3178.43,False,2025-07,3178.43
764,2025-07-04,PIX RECEBIDO VIANA COSTELA S.A.,Crédito,5623.88,False,2025-07,5623.88
765,2025-07-04,PAGTO MOURA,Débito,8833.28,False,2025-07,-8833.28
766,2025-07-04,PAGTO ROCHA S.A.,Débito,19994.34,False,2025-07,-19994.34
767,2025-07-04,PAGTO NASCIMENTO,Débito,10447.6,False,2025-07,-10447.6
768,2025-07-04,PIX RECEBIDO RAMOS - EI,Crédito,10387.24,False,2025-07,10387.24
769,2025-07-04,PAGTO CASSIANO,Débito,6639.35,False,2025-07,-6639.35
770,2025-07-05,PAGTO CIRINO - EI,Débito,6723.89,False,2025-07,-6723.89
771,2025-07-05,PAGTO MACEDO S/A,Débito,18419.95,False,2025-07,-18419.95
772,2025-07-05,PAGTO SIQUEIRA - ME,Débito,6744.42,False,2025-07,-6744.42
773,2025-07-06,PIX RECEBIDO NOGUEIRA CUNHA S/A,Crédito,14612.58,False,2025-07,14612.58
774,2025-07-06,PAGTO PEIXOTO,Débito,6904.97,False,2025-07,-6904.97
775,2025-07-06,PAGTO CUNHA - EI,Débito,1571.01,False,2025-07,-1571.01
776,2025-07-07,PAGTO DA COSTA,Débito,18396.56,False,2025-07,-18396.56
777,2025-07-07,PIX RECEBIDO ARAÚJO - EI,Crédito,2655.89,False,2025-07,2655.89
778,2025-07-07,PIX RECEBIDO DA COSTA,Crédito,5251.85,False,2025-07,5251.85
779,2025-07-07,PAGTO CAMARGO E FILHOS,Débito,611.72,False,2025-07,-611.72
780,2025-07-07,PAGTO DA LUZ RIBEIRO S/A,Débito,19341.37,False,2025-07,-19341.37
781,2025-07-08,PAGTO OLIVEIRA,Débito,19245.99,False,2025-07,-19245.99
782,2025-07-08,PIX RECEBIDO CUNHA,Crédito,5571.69,False,2025-07,5571.69
783,2025-07-08,PIX RECEBIDO PIMENTA,Crédito,16723.65,False,2025-07,16723.65
784,2025-07-09,PIX RECEBIDO PORTO GONÇALVES S/A,Crédito,3475.91,False,2025-07,3475.91
785,2025-07-09,PAGTO CAVALCANTE,Débito,6572.93,False,2025-07,-6572.93
786,2025-07-09,PAGTO CASSIANO,Débito,636.0,False,2025-07,-636.0
787,2025-07-09,PAGTO MOURA - ME,Débito,16911.61,False,2025-07,-16911.61
788,2025-07-09,PIX RECEBIDO GARCIA VASCONCELOS S.A.,Crédito,1555.39,False,2025-07,1555.39
789,2025-07-09,PIX RECEBIDO NASCIMENTO - EI,Crédito,2349.47,False,2025-07,2349.47
790,2025-07-10,PAGTO LEÃO,Débito,1865.98,False,2025-07,-1865.98
791,2025-07-10,PAGTO ANDRADE GONÇALVES - ME,Débito,2850.14,False,2025-07,-2850.14
792,2025-07-10,PAGTO VIEIRA SALES E FILHOS,Débito,19953.32,False,2025-07,-19953.32
793,2025-07-10,PIX RECEBIDO MELO LTDA.,Crédito,10650.12,False,2025-07,10650.12
794,2025-07-10,PIX RECEBIDO CAVALCANTI,Crédito,14320.13,False,2025-07,14320.13
795,2025-07-11,PIX RECEBIDO MOREIRA,Crédito,10811.44,False,2025-07,10811.44
796,2025-07-11,PAGTO MACHADO - EI,Débito,5817.35,False,2025-07,-5817.35
797,2025-07-11,PIX RECEBIDO ARAÚJO,Crédito,19521.51,False,2025-07,19521.51
798,2025-07-11,PAGTO CASA GRANDE,Débito,18821.13,False,2025-07,-18821.13
799,2025-07-12,PAGTO PEREIRA,Débito,15501.58,False,2025-07,-15501.58
800,2025-07-12,PIX RECEBIDO CARVALHO S/A,Crédito,4871.03,False,2025-07,4871.03
801,2025-07-12,PAGTO CAMPOS,Débito,10443.82,False,2025-07,-10443.82
802,2025-07-12,PAGTO SÁ MARTINS - EI,Débito,11318.23,False,2025-07,-11318.23
803,2025-07-12,PAGTO BORGES,Débito,768.44,False,2025-07,-768.44
804,2025-07-12,PIX RECEBIDO VIEIRA MONTEIRO S/A,Crédito,2375.17,False,2025-07,2375.17
805,2025-07-12,PAGTO CÂMARA,Débito,8866.09,False,2025-07,-8866.09
806,2025-07-12,PIX RECEBIDO PASTOR,Crédito,10197.04,False,2025-07,10197.04
807,2025-07-13,PIX RECEBIDO DA ROCHA - ME,Crédito,11954.85,False,2025-07,11954.85
808,2025-07-13,PAGTO GOMES NOVAIS - EI,Débito,5876.58,False,2025-07,-5876.58
809,2025-07-13,PAGTO VIANA PEIXOTO S/A,Débito,3652.68,False,2025-07,-3652.68
810,2025-07-13,PIX RECEBIDO CASSIANO E FILHOS,Crédito,3197.41,False,2025-07,3197.41
811,2025-07-14,PAGTO NASCIMENTO,Débito,10324.18,False,2025-07,-10324.18
812,2025-07-14,PIX RECEBIDO MONTEIRO - ME,Crédito,16822.69,False,2025-07,16822.69
813,2025-07-14,PAGTO PIMENTA E FILHOS,Débito,17475.19,False,2025-07,-17475.19
814,2025-07-14,PAGTO DUARTE - EI,Débito,5377.35,False,2025-07,-5377.35
815,2025-07-14,PIX RECEBIDO DA MATA - ME,Crédito,19886.43,False,2025-07,19886.43
816,2025-07-14,PIX RECEBIDO MARQUES SOUZA - EI,Crédito,18380.16,False,2025-07,18380.16
817,2025-07-15,PAGTO DIAS S.A.,Débito,14525.21,False,2025-07,-14525.21
818,2025-07-15,PIX RECEBIDO CALDEIRA S.A.,Crédito,2887.31,False,2025-07,2887.31
819,2025-07-16,PAGTO DA LUZ,Débito,9478.81,False,2025-07,-9478.81
820,2025-07-16,PAGTO BRITO,Débito,13627.87,False,2025-07,-13627.87
821,2025-07-16,PIX RECEBIDO PIRES,Crédito,4851.68,False,2025-07,4851.68
822,2025-07-16,PAGTO FREITAS,Débito,4832.46,False,2025-07,-4832.46
823,2025-07-17,PIX RECEBIDO FERREIRA,Crédito,2153.88,False,2025-07,2153.88
824,2025-07-17,PAGTO SALES,Débito,4502.54,False,2025-07,-4502.54
825,2025-07-17,PAGTO SILVA - EI,Débito,6169.49,False,2025-07,-6169.49
826,2025-07-17,PAGTO SOUSA CASA GRANDE S/A,Débito,12162.76,False,2025-07,-12162.76
827,2025-07-17,PAGTO GOMES,Débito,6276.01,False,2025-07,-6276.01
828,2025-07-17,PAGTO DA MATA,Débito,237.36,False,2025-07,-237.36
829,2025-07-18,PIX RECEBIDO MONTENEGRO DA ROCHA S.A.,Crédito,9511.73,False,2025-07,9511.73
830,2025-07-18,PAGTO MENDES,Débito,17303.15,False,2025-07,-17303.15
831,2025-07-19,PAGTO MONTENEGRO,Débito,6504.08,False,2025-07,-6504.08
832,2025-07-19,PAGTO PASTOR PACHECO S.A.,Débito,3876.16,False,2025-07,-3876.16
833,2025-07-19,PAGTO DA CUNHA - ME,Débito,7429.47,False,2025-07,-7429.47
834,2025-07-19,PIX RECEBIDO VASCONCELOS,Crédito,12123.61,False,2025-07,12123.61
835,2025-07-19,PAGTO OLIVEIRA S/A,Débito,7841.89,False,2025-07,-7841.89
836,2025-07-20,PIX RECEBIDO SALES,Crédito,1719.52,False,2025-07,1719.52
837,2025-07-20,PIX RECEBIDO VIEIRA LTDA.,Crédito,6134.01,False,2025-07,6134.01
838,2025-07-20,PAGTO SOUZA S.A.,Débito,1799.19,False,2025-07,-1799.19
839,2025-07-21,PIX RECEBIDO LEÃO COSTA E FILHOS,Crédito,602.58,False,2025-07,602.58
840,2025-07-21,PIX RECEBIDO SOUSA FARIAS - ME,Crédito,12458.61,False,2025-07,12458.61
841,2025-07-22,PAGTO DA LUZ MOURA - EI,Débito,7896.63,False,2025-07,-7896.63
842,2025-07-22,PAGTO APARECIDA DA CRUZ E FILHOS,Débito,17561.93,False,2025-07,-17561.93
843,2025-07-22,PIX RECEBIDO DAS NEVES,Crédito,1937.59,False,2025-07,1937.59
844,2025-07-22,PAGTO BARROS E FILHOS,Débito,15103.2,False,2025-07,-15103.2
845,2025-07-23,PIX RECEBIDO MONTEIRO - EI,Crédito,7519.92,False,2025-07,7519.92
846,2025-07-23,PIX RECEBIDO SANTOS E FILHOS,Crédito,12509.2,False,2025-07,12509.2
847,2025-07-23,PIX RECEBIDO DA PAZ,Crédito,11964.34,False,2025-07,11964.34
848,2025-07-23,PIX RECEBIDO NOVAES,Crédito,11267.14,False,2025-07,11267.14
849,2025-07-24,PAGTO NUNES,Débito,6529.8,False,2025-07,-6529.8
850,2025-07-24,PAGTO DAS NEVES - EI,Débito,4969.16,False,2025-07,-4969.16
851,2025-07-25,PAGTO NOGUEIRA,Débito,7839.75,False,2025-07,-7839.75
852,2025-07-25,PAGTO VARGAS,Débito,6995.59,False,2025-07,-6995.59
853,2025-07-25,PIX RECEBIDO AZEVEDO,Crédito,18669.65,False,2025-07,18669.65
854,2025-07-25,PIX RECEBIDO LOPES CAVALCANTI E FILHOS,Crédito,3357.34,False,2025-07,3357.34
855,2025-07-26,PAGTO DA MOTA - ME,Débito,5996.94,False,2025-07,-5996.94
856,2025-07-26,PAGTO CUNHA,Débito,10700.37,False,2025-07,-10700.37
857,2025-07-27,PAGTO NOVAIS,Débito,14636.91,False,2025-07,-14636.91
858,2025-07-27,PAGTO DA COSTA CASTRO S.A.,Débito,10534.88,False,2025-07,-10534.88
859,2025-07-27,PIX RECEBIDO DAS NEVES,Crédito,4133.23,False,2025-07,4133.23
860,2025-07-27,PAGTO PACHECO,Débito,17709.51,False,2025-07,-17709.51
861,2025-07-28,PAGTO FERREIRA S.A.,Débito,1575.92,True,2025-07,-1575.92
862,2025-07-28,PAGTO DUARTE PEREIRA - ME,Débito,4800.77,False,2025-07,-4800.77
863,2025-07-28,PAGTO PASTOR,Débito,9606.23,False,2025-07,-9606.23
864,2025-07-28,PAGTO FERREIRA S.A.,Débito,1575.92,True,2025-07,-1575.92
865,2025-07-28,PAGTO DIAS LTDA.,Débito,7534.27,False,2025-07,-7534.27
866,2025-07-28,PAGTO BARBOSA,Débito,3201.65,False,2025-07,-3201.65
867,2025-07-29,PAGTO CIRINO S.A.,Débito,6620.38,False,2025-07,-6620.38
868,2025-07-29,PIX RECEBIDO NASCIMENTO GONÇALVES - EI,Crédito,2974.32,False,2025-07,2974.32
869,2025-07-29,PAGTO MELO S/A,Débito,7535.76,False,2025-07,-7535.76
870,2025-07-31,PIX RECEBIDO CARVALHO,Crédito,1237.27,False,2025-07,1237.27
871,2025-07-31,PAGTO CARDOSO,Débito,17770.47,False,2025-07,-17770.47
872,2025-07-31,PAGTO DA MATA NASCIMENTO E FILHOS,Débito,2466.57,False,2025-07,-2466.57
873,2025-07-31,PAGTO CUNHA,Débito,1445.75,False,2025-07,-1445.75
874,2025-08-01,PIX RECEBIDO DA CONCEIÇÃO S/A,Crédito,14500.24,False,2025-08,14500.24
875,2025-08-01,PIX RECEBIDO DA ROSA CAVALCANTE S.A.,Crédito,524.2,False,2025-08,524.2
876,2025-08-01,PAGTO CAMARGO S/A,Débito,19739.81,False,2025-08,-19739.81
877,2025-08-01,TARIFA MANUTENCAO CONTA,Débito,89.9,False,2025-08,-89.9
878,2025-08-02,PIX RECEBIDO PORTO DA ROCHA S/A,Crédito,1227.68,False,2025-08,1227.68
879,2025-08-02,PIX RECEBIDO ARAÚJO S.A.,Crédito,980.95,False,2025-08,980.95
880,2025-08-03,PIX RECEBIDO FREITAS,Crédito,13713.04,False,2025-08,13713.04
881,2025-08-04,PAGTO BRITO,Débito,18799.57,False,2025-08,-18799.57
882,2025-08-04,PAGTO DA COSTA,Débito,12329.84,False,2025-08,-12329.84
883,2025-08-04,PIX RECEBIDO FERREIRA,Crédito,9635.68,False,2025-08,9635.68
884,2025-08-04,PAGTO VASCONCELOS,Débito,10206.23,False,2025-08,-10206.23
885,2025-08-04,PAGTO MOURA LTDA.,Débito,10764.13,False,2025-08,-10764.13
886,2025-08-04,PIX RECEBIDO MONTENEGRO - EI,Crédito,1183.96,False,2025-08,1183.96
887,2025-08-05,PAGTO DA ROSA SANTOS S.A.,Débito,2807.7,False,2025-08,-2807.7
888,2025-08-05,PIX RECEBIDO BORGES - ME,Crédito,19259.47,False,2025-08,19259.47
889,2025-08-05,PAGTO SILVEIRA - EI,Débito,11643.47,False,2025-08,-11643.47
890,2025-08-05,PAGTO CORREIA S/A,Débito,16996.07,False,2025-08,-16996.07
891,2025-08-07,PAGTO CAVALCANTE,Débito,4059.78,False,2025-08,-4059.78
892,2025-08-07,PIX RECEBIDO CÂMARA,Crédito,16879.01,False,2025-08,16879.01
893,2025-08-07,PAGTO NOVAIS S.A.,Débito,5343.85,False,2025-08,-5343.85
894,2025-08-07,PAGTO CORREIA,Débito,18267.83,False,2025-08,-18267.83
895,2025-08-07,PIX RECEBIDO PORTO,Crédito,12829.3,False,2025-08,12829.3
896,2025-08-07,PAGTO PIRES,Débito,13291.68,False,2025-08,-13291.68
897,2025-08-08,PIX RECEBIDO ALMEIDA,Crédito,19914.05,False,2025-08,19914.05
898,2025-08-08,PAGTO BARROS,Débito,11011.25,False,2025-08,-11011.25
899,2025-08-08,PAGTO TEIXEIRA,Débito,11882.89,False,2025-08,-11882.89
900,2025-08-08,PAGTO VIEIRA,Débito,15166.84,False,2025-08,-15166.84
901,2025-08-09,PAGTO SILVA,Débito,12468.6,False,2025-08,-12468.6
902,2025-08-09,PAGTO CAMARGO,Débito,14082.35,False,2025-08,-14082.35
903,2025-08-09,PIX RECEBIDO DA CRUZ DA MOTA E FILHOS,Crédito,6318.19,False,2025-08,6318.19
904,2025-08-09,PIX RECEBIDO PORTO,Crédito,3623.85,False,2025-08,3623.85
905,2025-08-10,PIX RECEBIDO SILVEIRA,Crédito,14335.61,False,2025-08,14335.61
906,2025-08-10,PAGTO PACHECO S/A,Débito,1251.4,False,2025-08,-1251.4
907,2025-08-10,PAGTO DUARTE PIMENTA LTDA.,Débito,14119.17,False,2025-08,-14119.17
908,2025-08-10,PAGTO DUARTE,Débito,8695.47,False,2025-08,-8695.47
909,2025-08-11,PAGTO ROCHA,Débito,1491.63,False,2025-08,-1491.63
910,2025-08-11,PAGTO CARDOSO,Débito,13240.43,False,2025-08,-13240.43
911,2025-08-11,PAGTO DIAS,Débito,8367.65,False,2025-08,-8367.65
912,2025-08-11,PAGTO PIMENTA,Débito,5567.86,False,2025-08,-5567.86
913,2025-08-11,PAGTO NUNES E FILHOS,Débito,15812.71,False,2025-08,-15812.71
914,2025-08-11,PAGTO VARGAS S/A,Débito,9420.31,False,2025-08,-9420.31
915,2025-08-12,PIX RECEBIDO MELO DA ROSA S/A,Crédito,3526.97,False,2025-08,3526.97
916,2025-08-13,PAGTO CUNHA,Débito,4261.74,False,2025-08,-4261.74
917,2025-08-13,PIX RECEBIDO RIBEIRO,Crédito,2529.6,False,2025-08,2529.6
918,2025-08-13,PIX RECEBIDO ALVES,Crédito,15029.49,False,2025-08,15029.49
919,2025-08-13,PIX RECEBIDO DA ROSA LTDA.,Crédito,10801.81,False,2025-08,10801.81
920,2025-08-13,PIX RECEBIDO MARQUES,Crédito,535.21,False,2025-08,535.21
921,2025-08-13,PAGTO MACHADO,Débito,6233.64,False,2025-08,-6233.64
922,2025-08-13,PAGTO PEREIRA,Débito,7484.0,False,2025-08,-7484.0
923,2025-08-14,PIX RECEBIDO GARCIA,Crédito,3100.1,False,2025-08,3100.1
924,2025-08-14,PIX RECEBIDO GONÇALVES - EI,Crédito,1665.78,False,2025-08,1665.78
925,2025-08-14,PAGTO FERREIRA DAS NEVES E FILHOS,Débito,9800.24,False,2025-08,-9800.24
926,2025-08-15,PAGTO FONSECA FREITAS LTDA.,Débito,16671.54,False,2025-08,-16671.54
927,2025-08-15,PAGTO VARGAS CARVALHO E FILHOS,Débito,5582.95,False,2025-08,-5582.95
928,2025-08-15,PAGTO RAMOS,Débito,2319.03,False,2025-08,-2319.03
929,2025-08-15,PAGTO LOPES BORGES S.A.,Débito,11702.67,False,2025-08,-11702.67
930,2025-08-16,PAGTO AZEVEDO,Débito,1181.26,False,2025-08,-1181.26
931,2025-08-16,PAGTO NOGUEIRA,Débito,7506.97,False,2025-08,-7506.97
932,2025-08-17,PAGTO PEIXOTO - ME,Débito,11142.18,False,2025-08,-11142.18
933,2025-08-17,PAGTO GOMES,Débito,6396.55,False,2025-08,-6396.55
934,2025-08-17,PAGTO LEÃO,Débito,11851.7,False,2025-08,-11851.7
935,2025-08-17,PIX RECEBIDO FOGAÇA,Crédito,9902.38,False,2025-08,9902.38
936,2025-08-17,PAGTO ARAGÃO,Débito,13113.31,False,2025-08,-13113.31
937,2025-08-18,PAGTO BARBOSA - EI,Débito,11341.55,False,2025-08,-11341.55
938,2025-08-18,PIX RECEBIDO PASTOR,Crédito,18567.78,False,2025-08,18567.78
939,2025-08-18,PIX RECEBIDO SAMPAIO,Crédito,4474.07,False,2025-08,4474.07
940,2025-08-19,PIX RECEBIDO NASCIMENTO SOUSA E FILHOS,Crédito,6564.09,False,2025-08,6564.09
941,2025-08-19,PAGTO MACEDO DA ROCHA E FILHOS,Débito,16556.98,False,2025-08,-16556.98
942,2025-08-19,PIX RECEBIDO SAMPAIO,Crédito,5734.11,False,2025-08,5734.11
943,2025-08-20,PAGTO CASA GRANDE ALVES S/A,Débito,10017.25,False,2025-08,-10017.25
944,2025-08-21,PIX RECEBIDO APARECIDA,Crédito,8148.81,False,2025-08,8148.81
945,2025-08-21,PAGTO CAVALCANTE CAVALCANTI S/A,Débito,1561.08,False,2025-08,-1561.08
946,2025-08-21,PIX RECEBIDO REZENDE FERREIRA S/A,Crédito,13253.34,False,2025-08,13253.34
947,2025-08-21,PIX RECEBIDO VARGAS OLIVEIRA - ME,Crédito,2572.0,False,2025-08,2572.0
948,2025-08-21,PIX RECEBIDO DA MATA DA ROSA LTDA.,Crédito,10228.02,False,2025-08,10228.02
949,2025-08-21,PAGTO ARAÚJO - ME,Débito,16588.24,False,2025-08,-16588.24
950,2025-08-22,PIX RECEBIDO DUARTE,Crédito,13808.03,False,2025-08,13808.03
951,2025-08-22,PAGTO LOPES MACHADO S.A.,Débito,3124.18,False,2025-08,-3124.18
952,2025-08-22,PAGTO MACEDO,Débito,3620.16,False,2025-08,-3620.16
953,2025-08-23,PIX RECEBIDO FERNANDES,Crédito,11033.04,False,2025-08,11033.04
954,2025-08-23,PAGTO BORGES,Débito,19407.21,False,2025-08,-19407.21
955,2025-08-23,PIX RECEBIDO DIAS S/A,Crédito,3729.79,False,2025-08,3729.79
956,2025-08-23,PAGTO DA CRUZ,Débito,18126.51,False,2025-08,-18126.51
957,2025-08-23,PAGTO BARBOSA,Débito,18999.62,False,2025-08,-18999.62
958,2025-08-23,PIX RECEBIDO DA MATA CASTRO E FILHOS,Crédito,6324.62,False,2025-08,6324.62
959,2025-08-23,PAGTO BARROS,Débito,9242.46,False,2025-08,-9242.46
960,2025-08-24,PAGTO CARVALHO,Débito,11905.31,False,2025-08,-11905.31
961,2025-08-24,PAGTO DIAS,Débito,16114.9,False,2025-08,-16114.9
962,2025-08-24,PAGTO PEREIRA CASSIANO E FILHOS,Débito,1317.2,False,2025-08,-1317.2
963,2025-08-24,PIX RECEBIDO MONTENEGRO E FILHOS,Crédito,8321.37,False,2025-08,8321.37
964,2025-08-24,PAGTO SÁ DA PAZ LTDA.,Débito,6177.36,False,2025-08,-6177.36
965,2025-08-24,PAGTO MONTENEGRO DA LUZ S.A.,Débito,5259.14,False,2025-08,-5259.14
966,2025-08-26,PIX RECEBIDO FOGAÇA,Crédito,19790.38,False,2025-08,19790.38
967,2025-08-26,PAGTO CIRINO,Débito,483.99,False,2025-08,-483.99
968,2025-08-27,PIX RECEBIDO ANDRADE,Crédito,10298.71,False,2025-08,10298.71
969,2025-08-27,PIX RECEBIDO DA COSTA E FILHOS,Crédito,6400.34,False,2025-08,6400.34
970,2025-08-27,PIX RECEBIDO APARECIDA LIMA S/A,Crédito,1602.64,False,2025-08,1602.64
971,2025-08-28,PAGTO SOUSA,Débito,8520.52,False,2025-08,-8520.52
972,2025-08-28,PIX RECEBIDO DA LUZ SIQUEIRA LTDA.,Crédito,9945.41,False,2025-08,9945.41
973,2025-08-28,PIX RECEBIDO BARBOSA S.A.,Crédito,12296.11,False,2025-08,12296.11
974,2025-08-28,PIX RECEBIDO NOVAES,Crédito,18233.07,True,2025-08,18233.07
975,2025-08-28,PIX RECEBIDO NOVAES,Crédito,18233.07,True,2025-08,18233.07
976,2025-08-28,PIX RECEBIDO VIANA,Crédito,599.68,False,2025-08,599.68
977,2025-08-29,PAGTO MENDES,Débito,2808.23,False,2025-08,-2808.23
978,2025-08-29,PAGTO DIAS,Débito,19628.06,False,2025-08,-19628.06
979,2025-08-29,PAGTO SAMPAIO CARDOSO S.A.,Débito,15190.67,False,2025-08,-15190.67
980,2025-08-30,PAGTO NASCIMENTO,Débito,1689.4,False,2025-08,-1689.4
981,2025-08-30,PIX RECEBIDO PINTO,Crédito,9100.86,False,2025-08,9100.86
982,2025-08-30,PAGTO VARGAS,Débito,5992.31,False,2025-08,-5992.31
983,2025-08-30,PIX RECEBIDO DA COSTA LTDA.,Crédito,5644.55,False,2025-08,5644.55
984,2025-08-31,PAGTO CORREIA - ME,Débito,8836.6,False,2025-08,-8836.6
985,2025-09-01,TARIFA MANUTENCAO CONTA,Débito,89.9,False,2025-09,-89.9
986,2025-09-01,PAGTO PEIXOTO - ME,Débito,11008.27,False,2025-09,-11008.27
987,2025-09-01,PIX RECEBIDO NOVAES,Crédito,5874.48,False,2025-09,5874.48
988,2025-09-02,PAGTO CIRINO,Débito,10273.28,False,2025-09,-10273.28
989,2025-09-02,PIX RECEBIDO SAMPAIO MOREIRA - ME,Crédito,3939.07,False,2025-09,3939.07
990,2025-09-02,PAGTO NUNES,Débito,6963.75,False,2025-09,-6963.75
991,2025-09-02,PAGTO ARAÚJO,Débito,16363.88,False,2025-09,-16363.88
992,2025-09-03,PIX RECEBIDO DA CRUZ,Crédito,10303.89,False,2025-09,10303.89
993,2025-09-04,PAGTO DA MOTA,Débito,11687.75,False,2025-09,-11687.75
994,2025-09-04,PAGTO MONTEIRO NOVAES E FILHOS,Débito,4848.02,False,2025-09,-4848.02
995,2025-09-04,PAGTO MONTENEGRO,Débito,5593.64,False,2025-09,-5593.64
996,2025-09-04,PIX RECEBIDO CARDOSO,Crédito,14872.55,False,2025-09,14872.55
997,2025-09-05,PAGTO ALBUQUERQUE,Débito,15944.82,False,2025-09,-15944.82
998,2025-09-05,PIX RECEBIDO OLIVEIRA - EI,Crédito,15892.63,False,2025-09,15892.63
999,2025-09-05,PIX RECEBIDO MENDES,Crédito,8709.62,False,2025-09,8709.62
1000,2025-09-05,PAGTO ALMEIDA,Débito,4672.05,False,2025-09,-4672.05
1001,2025-09-05,PAGTO NOVAES SIQUEIRA - EI,Débito,9446.5,False,2025-09,-9446.5
1002,2025-09-05,PIX RECEBIDO DA COSTA,Crédito,11927.8,False,2025-09,11927.8
1003,2025-09-06,PIX RECEBIDO CÂMARA,Crédito,3835.31,False,2025-09,3835.31
1004,2025-09-06,PIX RECEBIDO COSTELA SOUSA - EI,Crédito,8247.3,False,2025-09,8247.3
1005,2025-09-06,PAGTO JESUS MONTENEGRO - EI,Débito,9861.2,False,2025-09,-9861.2
1006,2025-09-07,PIX RECEBIDO CIRINO,Crédito,2579.82,False,2025-09,2579.82
1007,2025-09-08,PAGTO COSTA,Débito,11086.64,False,2025-09,-11086.64
1008,2025-09-08,PIX RECEBIDO VASCONCELOS,Crédito,6480.14,False,2025-09,6480.14
1009,2025-09-08,PIX RECEBIDO FONSECA NOVAES LTDA.,Crédito,19603.25,False,2025-09,19603.25
1010,2025-09-09,PIX RECEBIDO DAS NEVES - ME,Crédito,645.21,False,2025-09,645.21
1011,2025-09-09,PAGTO MOURA - EI,Débito,12428.02,False,2025-09,-12428.02
1012,2025-09-09,PAGTO LIMA CALDEIRA E FILHOS,Débito,16325.81,False,2025-09,-16325.81
1013,2025-09-09,PAGTO SAMPAIO CÂMARA LTDA.,Débito,18450.99,False,2025-09,-18450.99
1014,2025-09-09,PAGTO GONÇALVES,Débito,19839.12,False,2025-09,-19839.12
1015,2025-09-09,PIX RECEBIDO MENDONÇA CUNHA LTDA.,Crédito,9137.52,False,2025-09,9137.52
1016,2025-09-10,PAGTO COSTELA,Débito,6831.65,False,2025-09,-6831.65
1017,2025-09-10,PAGTO DA ROSA S.A.,Débito,5621.96,False,2025-09,-5621.96
1018,2025-09-10,PIX RECEBIDO ALBUQUERQUE,Crédito,4827.81,False,2025-09,4827.81
1019,2025-09-11,PIX RECEBIDO FARIAS BARROS - EI,Crédito,6380.65,False,2025-09,6380.65
1020,2025-09-12,PAGTO CARVALHO,Débito,6222.97,False,2025-09,-6222.97
1021,2025-09-13,PAGTO MONTENEGRO,Débito,12136.71,False,2025-09,-12136.71
1022,2025-09-13,PIX RECEBIDO MENDONÇA,Crédito,19083.92,False,2025-09,19083.92
1023,2025-09-13,PIX RECEBIDO ALBUQUERQUE SOUSA LTDA.,Crédito,17011.82,False,2025-09,17011.82
1024,2025-09-15,PAGTO OLIVEIRA,Débito,9264.66,False,2025-09,-9264.66
1025,2025-09-15,PIX RECEBIDO ALVES S/A,Crédito,9372.36,False,2025-09,9372.36
1026,2025-09-15,PIX RECEBIDO DA ROCHA ANDRADE LTDA.,Crédito,17606.78,False,2025-09,17606.78
1027,2025-09-15,PIX RECEBIDO SILVA DAS NEVES - ME,Crédito,5704.54,False,2025-09,5704.54
1028,2025-09-16,PIX RECEBIDO RODRIGUES - EI,Crédito,5578.79,True,2025-09,5578.79
1029,2025-09-16,PIX RECEBIDO ANDRADE E FILHOS,Crédito,15237.42,False,2025-09,15237.42
1030,2025-09-16,PIX RECEBIDO ANDRADE,Crédito,6266.32,False,2025-09,6266.32
1031,2025-09-16,PIX RECEBIDO RODRIGUES - EI,Crédito,5578.79,True,2025-09,5578.79
1032,2025-09-16,PAGTO CARDOSO RIBEIRO - ME,Débito,8703.07,False,2025-09,-8703.07
1033,2025-09-17,PAGTO NASCIMENTO,Débito,10454.94,False,2025-09,-10454.94
1034,2025-09-17,PAGTO PIMENTA APARECIDA E FILHOS,Débito,13157.84,False,2025-09,-13157.84
1035,2025-09-17,PAGTO NOVAES,Débito,19492.67,False,2025-09,-19492.67
1036,2025-09-17,PAGTO ABREU S.A.,Débito,3307.57,False,2025-09,-3307.57
1037,2025-09-18,PIX RECEBIDO PASTOR CÂMARA - EI,Crédito,4987.38,False,2025-09,4987.38
1038,2025-09-18,PIX RECEBIDO LOPES S/A,Crédito,11137.26,False,2025-09,11137.26
1039,2025-09-18,PAGTO MONTENEGRO NOVAIS E FILHOS,Débito,7103.41,False,2025-09,-7103.41
1040,2025-09-18,PIX RECEBIDO MONTENEGRO E FILHOS,Crédito,17930.26,False,2025-09,17930.26
1041,2025-09-18,PAGTO PORTO DA CONCEIÇÃO S/A,Débito,6538.31,False,2025-09,-6538.31
1042,2025-09-19,PAGTO BORGES,Débito,17659.39,False,2025-09,-17659.39
1043,2025-09-19,PAGTO NOVAES S/A,Débito,2614.38,False,2025-09,-2614.38
1044,2025-09-19,PIX RECEBIDO MORAES,Crédito,9776.46,False,2025-09,9776.46
1045,2025-09-20,PIX RECEBIDO NOGUEIRA,Crédito,6580.99,False,2025-09,6580.99
1046,2025-09-20,PAGTO CÂMARA ALVES E FILHOS,Débito,2995.5,False,2025-09,-2995.5
1047,2025-09-20,PIX RECEBIDO ARAGÃO E FILHOS,Crédito,13104.67,False,2025-09,13104.67
1048,2025-09-21,PIX RECEBIDO RIOS,Crédito,9265.04,False,2025-09,9265.04
1049,2025-09-21,PAGTO CASTRO MACHADO S/A,Débito,8389.88,False,2025-09,-8389.88
1050,2025-09-21,PIX RECEBIDO CARVALHO,Crédito,10075.72,False,2025-09,10075.72
1051,2025-09-21,PAGTO FERREIRA,Débito,4140.17,False,2025-09,-4140.17
1052,2025-09-21,PIX RECEBIDO SOUZA BORGES - ME,Crédito,8401.21,False,2025-09,8401.21
1053,2025-09-22,PAGTO PEREIRA S.A.,Débito,3622.1,False,2025-09,-3622.1
1054,2025-09-22,PAGTO ROCHA,Débito,15415.88,False,2025-09,-15415.88
1055,2025-09-22,PAGTO SANTOS,Débito,14371.2,False,2025-09,-14371.2
1056,2025-09-22,PAGTO DA CONCEIÇÃO,Débito,8753.38,False,2025-09,-8753.38
1057,2025-09-23,PAGTO CORREIA - EI,Débito,6220.87,False,2025-09,-6220.87
1058,2025-09-23,PAGTO GUERRA - ME,Débito,17153.02,False,2025-09,-17153.02
1059,2025-09-23,PIX RECEBIDO MOURA,Crédito,13030.9,False,2025-09,13030.9
1060,2025-09-23,PIX RECEBIDO CAMPOS,Crédito,4616.72,False,2025-09,4616.72
1061,2025-09-24,PAGTO MELO,Débito,18117.95,False,2025-09,-18117.95
1062,2025-09-24,PAGTO VASCONCELOS S.A.,Débito,4868.63,False,2025-09,-4868.63
1063,2025-09-24,PAGTO ALMEIDA,Débito,17397.37,False,2025-09,-17397.37
1064,2025-09-24,PIX RECEBIDO MOURA,Crédito,12112.89,False,2025-09,12112.89
1065,2025-09-25,PIX RECEBIDO CUNHA,Crédito,12518.24,False,2025-09,12518.24
1066,2025-09-25,PAGTO APARECIDA MELO LTDA.,Débito,11901.26,False,2025-09,-11901.26
1067,2025-09-25,PAGTO PIMENTA,Débito,14782.46,False,2025-09,-14782.46
1068,2025-09-25,PAGTO RODRIGUES DUARTE S/A,Débito,1836.75,False,2025-09,-1836.75
1069,2025-09-26,PAGTO BRITO,Débito,17141.02,False,2025-09,-17141.02
1070,2025-09-26,PAGTO GARCIA S/A,Débito,5086.5,False,2025-09,-5086.5
1071,2025-09-26,PIX RECEBIDO NOVAIS - EI,Crédito,13421.42,False,2025-09,13421.42
1072,2025-09-26,PIX RECEBIDO DA ROSA GARCIA S.A.,Crédito,6944.95,False,2025-09,6944.95
1073,2025-09-26,PAGTO LEÃO,Débito,1824.25,False,2025-09,-1824.25
1074,2025-09-26,PIX RECEBIDO ARAGÃO LTDA.,Crédito,6789.09,False,2025-09,6789.09
1075,2025-09-27,PIX RECEBIDO MACEDO,Crédito,17625.04,False,2025-09,17625.04
1076,2025-09-27,PAGTO DA LUZ - ME,Débito,9945.66,False,2025-09,-9945.66
1077,2025-09-27,PIX RECEBIDO SILVEIRA PIRES - ME,Crédito,10880.35,False,2025-09,10880.35
1078,2025-09-27,PIX RECEBIDO SAMPAIO,Crédito,15599.31,False,2025-09,15599.31
1079,2025-09-27,PIX RECEBIDO MONTEIRO LTDA.,Crédito,5124.59,False,2025-09,5124.59
1080,2025-09-27,PAGTO DA CONCEIÇÃO - EI,Débito,11053.01,False,2025-09,-11053.01
1081,2025-09-27,PIX RECEBIDO SILVA LIMA - ME,Crédito,17596.74,False,2025-09,17596.74
1082,2025-09-28,PIX RECEBIDO FERREIRA - ME,Crédito,6729.56,False,2025-09,6729.56
1083,2025-09-28,PAGTO DA CONCEIÇÃO,Débito,17511.51,False,2025-09,-17511.51
1084,2025-09-28,PAGTO AZEVEDO,Débito,11965.03,False,2025-09,-11965.03
1085,2025-09-28,PIX RECEBIDO DUARTE,Crédito,18605.9,False,2025-09,18605.9
1086,2025-09-28,PAGTO GOMES DA CRUZ LTDA.,Débito,8643.7,False,2025-09,-8643.7
1087,2025-09-28,PIX RECEBIDO MARQUES S.A.,Crédito,3679.62,False,2025-09,3679.62
1088,2025-09-29,PIX RECEBIDO SANTOS CASTRO LTDA.,Crédito,16580.65,False,2025-09,16580.65
1089,2025-09-29,PAGTO CARDOSO,Débito,18756.6,False,2025-09,-18756.6
1090,2025-09-29,PIX RECEBIDO MENDONÇA E FILHOS,Crédito,10249.54,False,2025-09,10249.54
1091,2025-09-29,PAGTO OLIVEIRA,Débito,12668.33,False,2025-09,-12668.33
1092,2025-09-30,PAGTO RAMOS PORTO - EI,Débito,429.78,False,2025-09,-429.78
1093,2025-09-30,PAGTO BORGES,Débito,10276.8,False,2025-09,-10276.8
1094,2025-09-30,PIX RECEBIDO PEREIRA E FILHOS,Crédito,1703.44,False,2025-09,1703.44
1095,2025-10-01,TARIFA MANUTENCAO CONTA,Débito,89.9,False,2025-10,-89.9
1096,2025-10-01,PIX RECEBIDO RODRIGUES GUERRA LTDA.,Crédito,6076.06,False,2025-10,6076.06
1097,2025-10-01,PIX RECEBIDO FARIAS S/A,Crédito,10967.91,False,2025-10,10967.91
1098,2025-10-01,PIX RECEBIDO CALDEIRA - EI,Crédito,2585.07,False,2025-10,2585.07
1099,2025-10-01,PAGTO APARECIDA ANDRADE LTDA.,Débito,3922.71,False,2025-10,-3922.71
1100,2025-10-01,PAGTO MACEDO MACEDO S.A.,Débito,3832.66,False,2025-10,-3832.66
1101,2025-10-02,PIX RECEBIDO MACEDO PIMENTA LTDA.,Crédito,3518.48,False,2025-10,3518.48
1102,2025-10-02,PAGTO GUERRA ARAÚJO S.A.,Débito,10240.63,False,2025-10,-10240.63
1103,2025-10-02,PIX RECEBIDO MONTEIRO MOREIRA - ME,Crédito,13010.81,False,2025-10,13010.81
1104,2025-10-02,PIX RECEBIDO MONTEIRO SILVA LTDA.,Crédito,5467.33,False,2025-10,5467.33
1105,2025-10-02,PIX RECEBIDO DIAS,Crédito,18450.14,False,2025-10,18450.14
1106,2025-10-02,PAGTO LOPES,Débito,6350.9,False,2025-10,-6350.9
1107,2025-10-02,PAGTO VIEIRA,Débito,16828.98,False,2025-10,-16828.98
1108,2025-10-03,PAGTO MOURA S/A,Débito,4307.24,False,2025-10,-4307.24
1109,2025-10-03,PAGTO FERREIRA - EI,Débito,7238.74,False,2025-10,-7238.74
1110,2025-10-03,PIX RECEBIDO GONÇALVES LTDA.,Crédito,17094.64,False,2025-10,17094.64
1111,2025-10-03,PAGTO BARBOSA E FILHOS,Débito,11743.66,False,2025-10,-11743.66
1112,2025-10-03,PAGTO CASTRO - ME,Débito,14875.15,False,2025-10,-14875.15
1113,2025-10-03,PIX RECEBIDO MORAES,Crédito,14932.36,False,2025-10,14932.36
1114,2025-10-04,PIX RECEBIDO CAVALCANTE - ME,Crédito,8646.36,False,2025-10,8646.36
1115,2025-10-04,PAGTO RIOS S/A,Débito,4628.91,False,2025-10,-4628.91
1116,2025-10-04,PAGTO FERREIRA,Débito,14565.64,False,2025-10,-14565.64
1117,2025-10-05,PIX RECEBIDO BARROS LTDA.,Crédito,552.14,False,2025-10,552.14
1118,2025-10-05,PAGTO DA PAZ,Débito,6565.66,False,2025-10,-6565.66
1119,2025-10-05,PAGTO BARROS,Débito,5593.46,False,2025-10,-5593.46
1120,2025-10-05,PIX RECEBIDO NOVAES,Crédito,15600.46,False,2025-10,15600.46
1121,2025-10-05,PIX RECEBIDO FOGAÇA,Crédito,7197.94,False,2025-10,7197.94
1122,2025-10-06,PIX RECEBIDO OLIVEIRA,Crédito,18193.11,False,2025-10,18193.11
1123,2025-10-06,PAGTO PEREIRA LOPES S.A.,Débito,16768.62,False,2025-10,-16768.62
1124,2025-10-06,PAGTO ABREU LTDA.,Débito,14300.79,False,2025-10,-14300.79
1125,2025-10-06,PIX RECEBIDO PEREIRA CARVALHO LTDA.,Crédito,9511.32,False,2025-10,9511.32
1126,2025-10-06,PAGTO GUERRA S/A,Débito,17707.62,False,2025-10,-17707.62
1127,2025-10-06,PAGTO ALVES,Débito,18503.69,False,2025-10,-18503.69
1128,2025-10-06,PAGTO RODRIGUES S.A.,Débito,17421.39,False,2025-10,-17421.39
1129,2025-10-07,PIX RECEBIDO LEÃO,Crédito,6952.36,False,2025-10,6952.36
1130,2025-10-07,PIX RECEBIDO RAMOS DA ROCHA - ME,Crédito,16584.29,False,2025-10,16584.29
1131,2025-10-07,PIX RECEBIDO NOVAIS,Crédito,1064.39,False,2025-10,1064.39
1132,2025-10-08,PAGTO VASCONCELOS RODRIGUES - ME,Débito,2891.38,False,2025-10,-2891.38
1133,2025-10-08,PAGTO DAS NEVES - EI,Débito,2040.39,False,2025-10,-2040.39
1134,2025-10-08,PAGTO OLIVEIRA LTDA.,Débito,4083.7,False,2025-10,-4083.7
1135,2025-10-08,PIX RECEBIDO RIOS SILVA LTDA.,Crédito,710.16,False,2025-10,710.16
1136,2025-10-08,PAGTO PORTO DA MOTA - EI,Débito,18895.73,False,2025-10,-18895.73
1137,2025-10-09,PAGTO PACHECO LTDA.,Débito,2678.61,False,2025-10,-2678.61
1138,2025-10-09,PIX RECEBIDO SIQUEIRA NOGUEIRA S.A.,Crédito,16638.1,False,2025-10,16638.1
1139,2025-10-09,PAGTO CASSIANO,Débito,18803.45,False,2025-10,-18803.45
1140,2025-10-09,PAGTO BARROS E FILHOS,Débito,4165.83,False,2025-10,-4165.83
1141,2025-10-09,PIX RECEBIDO DA LUZ S.A.,Crédito,16286.17,False,2025-10,16286.17
1142,2025-10-09,PAGTO SILVA DA MOTA S/A,Débito,5602.51,False,2025-10,-5602.51
1143,2025-10-10,PAGTO DA PAZ E FILHOS,Débito,11859.37,False,2025-10,-11859.37
1144,2025-10-11,PAGTO MARTINS CARDOSO - EI,Débito,4060.05,False,2025-10,-4060.05
1145,2025-10-11,PIX RECEBIDO OLIVEIRA E FILHOS,Crédito,12242.59,False,2025-10,12242.59
1146,2025-10-11,PAGTO NUNES S.A.,Débito,13693.45,False,2025-10,-13693.45
1147,2025-10-11,PAGTO SILVEIRA,Débito,10509.46,False,2025-10,-10509.46
1148,2025-10-11,PIX RECEBIDO VARGAS,Crédito,8777.02,False,2025-10,8777.02
1149,2025-10-11,PAGTO MONTEIRO ANDRADE S.A.,Débito,10135.46,False,2025-10,-10135.46
1150,2025-10-12,PAGTO ALVES E FILHOS,Débito,1802.21,False,2025-10,-1802.21
1151,2025-10-12,PAGTO DA CONCEIÇÃO,Débito,14513.36,False,2025-10,-14513.36
1152,2025-10-12,PAGTO CAVALCANTI - ME,Débito,5842.47,False,2025-10,-5842.47
1153,2025-10-13,PIX RECEBIDO PINTO DA CUNHA E FILHOS,Crédito,13131.65,False,2025-10,13131.65
1154,2025-10-13,PAGTO SALES,Débito,210.76,False,2025-10,-210.76
1155,2025-10-13,PIX RECEBIDO MACEDO FERREIRA E FILHOS,Crédito,11706.02,False,2025-10,11706.02
1156,2025-10-14,PAGTO SAMPAIO,Débito,8220.97,False,2025-10,-8220.97
1157,2025-10-14,PAGTO DA CRUZ,Débito,6993.61,False,2025-10,-6993.61
1158,2025-10-14,PIX RECEBIDO MELO - EI,Crédito,12301.18,False,2025-10,12301.18
1159,2025-10-14,PIX RECEBIDO NOGUEIRA DA CUNHA S.A.,Crédito,5203.47,False,2025-10,5203.47
1160,2025-10-15,PAGTO RODRIGUES VARGAS - EI,Débito,14841.9,False,2025-10,-14841.9
1161,2025-10-15,PIX RECEBIDO SAMPAIO,Crédito,14180.76,False,2025-10,14180.76
1162,2025-10-15,PIX RECEBIDO CAMARGO,Crédito,18118.08,False,2025-10,18118.08
1163,2025-10-15,PAGTO OLIVEIRA GOMES S.A.,Débito,12592.3,False,2025-10,-12592.3
1164,2025-10-15,PIX RECEBIDO SOUSA - EI,Crédito,10458.38,False,2025-10,10458.38
1165,2025-10-16,PAGTO FARIAS,Débito,5601.77,False,2025-10,-5601.77
1166,2025-10-16,PAGTO DA CUNHA,Débito,8458.93,False,2025-10,-8458.93
1167,2025-10-16,PIX RECEBIDO PEIXOTO,Crédito,8480.22,False,2025-10,8480.22
1168,2025-10-16,PAGTO APARECIDA - ME,Débito,11648.2,False,2025-10,-11648.2
1169,2025-10-17,PAGTO RAMOS,Débito,10677.35,False,2025-10,-10677.35
1170,2025-10-18,PAGTO CAVALCANTE,Débito,16421.81,False,2025-10,-16421.81
1171,2025-10-18,PAGTO ALMEIDA,Débito,14686.52,False,2025-10,-14686.52
1172,2025-10-18,PAGTO DIAS,Débito,5215.9,False,2025-10,-5215.9
1173,2025-10-18,PAGTO PINTO,Débito,814.65,False,2025-10,-814.65
1174,2025-10-19,PIX RECEBIDO CAMARGO,Crédito,7596.01,False,2025-10,7596.01
1175,2025-10-19,PAGTO MELO,Débito,5307.0,False,2025-10,-5307.0
1176,2025-10-19,PAGTO SAMPAIO,Débito,11060.23,False,2025-10,-11060.23
1177,2025-10-19,PIX RECEBIDO RIBEIRO S/A,Crédito,19527.59,False,2025-10,19527.59
1178,2025-10-19,PAGTO DA LUZ E FILHOS,Débito,18401.55,False,2025-10,-18401.55
1179,2025-10-19,PIX RECEBIDO SANTOS,Crédito,10259.61,False,2025-10,10259.61
1180,2025-10-20,PAGTO PORTO,Débito,13361.54,False,2025-10,-13361.54
1181,2025-10-20,PAGTO AZEVEDO - ME,Débito,14392.76,False,2025-10,-14392.76
1182,2025-10-20,PIX RECEBIDO CARVALHO,Crédito,19210.49,False,2025-10,19210.49
1183,2025-10-20,PAGTO CAVALCANTI,Débito,18461.68,False,2025-10,-18461.68
1184,2025-10-20,PIX RECEBIDO VASCONCELOS,Crédito,16511.14,False,2025-10,16511.14
1185,2025-10-20,PIX RECEBIDO SANTOS,Crédito,9182.18,False,2025-10,9182.18
1186,2025-10-20,PAGTO NUNES E FILHOS,Débito,2861.6,False,2025-10,-2861.6
1187,2025-10-21,PIX RECEBIDO MARQUES,Crédito,12112.42,False,2025-10,12112.42
1188,2025-10-21,PAGTO VIEIRA,Débito,887.64,False,2025-10,-887.64
1189,2025-10-21,PAGTO NOVAIS,Débito,182.37,False,2025-10,-182.37
1190,2025-10-22,PIX RECEBIDO BARBOSA,Crédito,15299.26,False,2025-10,15299.26
1191,2025-10-22,PAGTO FONSECA,Débito,6644.34,False,2025-10,-6644.34
1192,2025-10-22,PIX RECEBIDO BORGES,Crédito,4848.18,False,2025-10,4848.18
1193,2025-10-23,PAGTO CALDEIRA,Débito,430.41,False,2025-10,-430.41
1194,2025-10-23,PIX RECEBIDO CALDEIRA,Crédito,9333.21,False,2025-10,9333.21
1195,2025-10-23,PIX RECEBIDO MOURA,Crédito,17019.69,False,2025-10,17019.69
1196,2025-10-24,PAGTO FREITAS,Débito,9383.59,False,2025-10,-9383.59
1197,2025-10-25,PIX RECEBIDO CAVALCANTI S.A.,Crédito,3923.4,False,2025-10,3923.4
1198,2025-10-25,PAGTO NOGUEIRA,Débito,18946.29,False,2025-10,-18946.29
1199,2025-10-25,PIX RECEBIDO TEIXEIRA E FILHOS,Crédito,5112.24,False,2025-10,5112.24
1200,2025-10-25,PAGTO SOUZA DA ROCHA S/A,Débito,11053.96,False,2025-10,-11053.96
1201,2025-10-26,PAGTO PIMENTA,Débito,1958.96,False,2025-10,-1958.96
1202,2025-10-26,PIX RECEBIDO REZENDE,Crédito,14961.7,False,2025-10,14961.7
1203,2025-10-26,PAGTO CAVALCANTI,Débito,11152.82,False,2025-10,-11152.82
1204,2025-10-26,PAGTO ABREU,Débito,3426.81,False,2025-10,-3426.81
1205,2025-10-27,PIX RECEBIDO CÂMARA S/A,Crédito,10081.26,False,2025-10,10081.26
1206,2025-10-27,PAGTO NOGUEIRA CARDOSO E FILHOS,Débito,6657.66,False,2025-10,-6657.66
1207,2025-10-27,PAGTO CARDOSO,Débito,11324.71,False,2025-10,-11324.71
1208,2025-10-27,PIX RECEBIDO FOGAÇA,Crédito,12475.3,False,2025-10,12475.3
1209,2025-10-28,PIX RECEBIDO DIAS,Crédito,14119.83,False,2025-10,14119.83
1210,2025-10-28,PIX RECEBIDO MENDES,Crédito,9093.22,False,2025-10,9093.22
1211,2025-10-28,PIX RECEBIDO RIOS,Crédito,13260.15,False,2025-10,13260.15
1212,2025-10-28,PAGTO ARAÚJO RIOS S/A,Débito,4535.42,False,2025-10,-4535.42
1213,2025-10-29,PAGTO CALDEIRA FERREIRA - EI,Débito,19965.38,False,2025-10,-19965.38
1214,2025-10-29,PAGTO AZEVEDO MOURA - EI,Débito,6443.28,False,2025-10,-6443.28
1215,2025-10-29,PAGTO MENDONÇA,Débito,12154.26,False,2025-10,-12154.26
1216,2025-10-30,PAGTO CAMARGO,Débito,9940.91,False,2025-10,-9940.91
1217,2025-10-30,PAGTO MARTINS,Débito,670.26,False,2025-10,-670.26
1218,2025-10-30,PIX RECEBIDO OLIVEIRA,Crédito,16167.42,False,2025-10,16167.42
1219,2025-10-31,PIX RECEBIDO DA MATA DA PAZ - EI,Crédito,177.36,False,2025-10,177.36
1220,2025-10-31,PIX RECEBIDO MARTINS,Crédito,10742.36,False,2025-10,10742.36
1221,2025-10-31,PAGTO CORREIA,Débito,14663.12,False,2025-10,-14663.12
1222,2025-10-31,PAGTO FONSECA,Débito,11872.17,False,2025-10,-11872.17
1223,2025-11-01,TARIFA MANUTENCAO CONTA,Débito,89.9,False,2025-11,-89.9
1224,2025-11-01,PIX RECEBIDO FARIAS,Crédito,13348.34,False,2025-11,13348.34
1225,2025-11-01,PIX RECEBIDO CUNHA,Crédito,13088.54,False,2025-11,13088.54
1226,2025-11-02,PIX RECEBIDO RIOS,Crédito,755.05,False,2025-11,755.05
1227,2025-11-02,PAGTO GARCIA S/A,Débito,8091.32,False,2025-11,-8091.32
1228,2025-11-02,PAGTO SAMPAIO,Débito,8208.0,False,2025-11,-8208.0
1229,2025-11-04,PIX RECEBIDO CASA GRANDE REZENDE E FILHOS,Crédito,2000.38,False,2025-11,2000.38
1230,2025-11-04,PIX RECEBIDO DA ROCHA - ME,Crédito,12660.17,False,2025-11,12660.17
1231,2025-11-04,PIX RECEBIDO VARGAS,Crédito,459.28,False,2025-11,459.28
1232,2025-11-04,PAGTO MOURA E FILHOS,Débito,10666.54,False,2025-11,-10666.54
1233,2025-11-04,PAGTO BARBOSA MORAES E FILHOS,Débito,11084.01,False,2025-11,-11084.01
1234,2025-11-04,PAGTO DA COSTA - EI,Débito,9058.81,False,2025-11,-9058.81
1235,2025-11-05,PAGTO TEIXEIRA S.A.,Débito,18538.87,False,2025-11,-18538.87
1236,2025-11-05,PIX RECEBIDO RIBEIRO,Crédito,12400.0,False,2025-11,12400.0
1237,2025-11-05,PAGTO CASSIANO,Débito,656.81,False,2025-11,-656.81
1238,2025-11-05,PAGTO FREITAS ROCHA - EI,Débito,17941.26,False,2025-11,-17941.26
1239,2025-11-06,PAGTO ALVES,Débito,13419.61,False,2025-11,-13419.61
1240,2025-11-06,PAGTO GOMES,Débito,8260.73,False,2025-11,-8260.73
1241,2025-11-06,PAGTO TEIXEIRA E FILHOS,Débito,6296.59,False,2025-11,-6296.59
1242,2025-11-06,PIX RECEBIDO BRITO - EI,Crédito,7055.23,False,2025-11,7055.23
1243,2025-11-07,PAGTO MACHADO MARTINS LTDA.,Débito,5633.49,False,2025-11,-5633.49
1244,2025-11-07,PAGTO ALVES CASA GRANDE - EI,Débito,16516.38,False,2025-11,-16516.38
1245,2025-11-07,PIX RECEBIDO BORGES SILVA S.A.,Crédito,9836.33,False,2025-11,9836.33
1246,2025-11-07,PIX RECEBIDO MELO S/A,Crédito,6875.84,False,2025-11,6875.84
1247,2025-11-07,PIX RECEBIDO CAMPOS,Crédito,13675.58,False,2025-11,13675.58
1248,2025-11-07,PIX RECEBIDO ALVES,Crédito,5592.92,False,2025-11,5592.92
1249,2025-11-07,PIX RECEBIDO DA CONCEIÇÃO LTDA.,Crédito,15814.47,False,2025-11,15814.47
1250,2025-11-08,PIX RECEBIDO OLIVEIRA PIRES LTDA.,Crédito,5130.56,False,2025-11,5130.56
1251,2025-11-08,PIX RECEBIDO MENDES,Crédito,4842.01,False,2025-11,4842.01
1252,2025-11-09,PAGTO CARVALHO,Débito,10201.53,False,2025-11,-10201.53
1253,2025-11-09,PAGTO CAVALCANTI E FILHOS,Débito,14867.72,False,2025-11,-14867.72
1254,2025-11-10,PAGTO ANDRADE,Débito,9688.2,False,2025-11,-9688.2
1255,2025-11-10,PIX RECEBIDO DA CUNHA,Crédito,18186.14,False,2025-11,18186.14
1256,2025-11-10,PIX RECEBIDO SANTOS,Crédito,12773.0,False,2025-11,12773.0
1257,2025-11-10,PAGTO DAS NEVES CAMARGO S.A.,Débito,5718.41,False,2025-11,-5718.41
1258,2025-11-10,PIX RECEBIDO NOVAES,Crédito,15998.88,False,2025-11,15998.88
1259,2025-11-10,PAGTO CORREIA SOUSA S/A,Débito,3996.78,False,2025-11,-3996.78
1260,2025-11-10,PIX RECEBIDO PACHECO LOPES E FILHOS,Crédito,1603.93,False,2025-11,1603.93
1261,2025-11-10,PAGTO SÁ,Débito,5257.5,False,2025-11,-5257.5
1262,2025-11-10,PIX RECEBIDO ARAGÃO DA MATA - ME,Crédito,5031.66,False,2025-11,5031.66
1263,2025-11-11,PIX RECEBIDO AZEVEDO PEIXOTO S/A,Crédito,16115.19,False,2025-11,16115.19
1264,2025-11-11,PIX RECEBIDO BORGES DA MOTA - ME,Crédito,1003.61,False,2025-11,1003.61
1265,2025-11-11,PAGTO LOPES E FILHOS,Débito,3349.67,False,2025-11,-3349.67
1266,2025-11-12,PIX RECEBIDO BORGES,Crédito,5567.73,False,2025-11,5567.73
1267,2025-11-12,PAGTO DIAS MACHADO - EI,Débito,17792.44,False,2025-11,-17792.44
1268,2025-11-13,PAGTO FREITAS DA PAZ S.A.,Débito,9420.79,False,2025-11,-9420.79
1269,2025-11-13,PAGTO DA MOTA,Débito,13737.86,False,2025-11,-13737.86
1270,2025-11-13,PAGTO PIMENTA,Débito,9069.68,False,2025-11,-9069.68
1271,2025-11-13,PAGTO BORGES,Débito,3685.96,False,2025-11,-3685.96
1272,2025-11-14,PAGTO ARAGÃO SOUZA - ME,Débito,3980.54,False,2025-11,-3980.54
1273,2025-11-14,PAGTO CAMPOS ALBUQUERQUE S/A,Débito,8421.52,False,2025-11,-8421.52
1274,2025-11-14,PIX RECEBIDO CAMARGO,Crédito,15058.96,False,2025-11,15058.96
1275,2025-11-14,PAGTO DA MATA,Débito,12826.04,False,2025-11,-12826.04
1276,2025-11-15,PAGTO DUARTE MOREIRA - ME,Débito,8422.14,False,2025-11,-8422.14
1277,2025-11-15,PAGTO SIQUEIRA,Débito,16424.72,False,2025-11,-16424.72
1278,2025-11-16,PAGTO COSTA,Débito,8172.47,False,2025-11,-8172.47
1279,2025-11-16,PAGTO COSTELA LTDA.,Débito,14598.29,False,2025-11,-14598.29
1280,2025-11-16,PIX RECEBIDO JESUS,Crédito,11283.1,False,2025-11,11283.1
1281,2025-11-17,PIX RECEBIDO SALES SANTOS - ME,Crédito,4823.72,False,2025-11,4823.72
1282,2025-11-17,PIX RECEBIDO RIBEIRO,Crédito,1112.62,False,2025-11,1112.62
1283,2025-11-17,PIX RECEBIDO CAVALCANTI,Crédito,14388.62,False,2025-11,14388.62
1284,2025-11-18,PIX RECEBIDO COSTELA LTDA.,Crédito,11847.36,False,2025-11,11847.36
1285,2025-11-18,PAGTO MARTINS,Débito,16825.13,False,2025-11,-16825.13
1286,2025-11-18,PAGTO PIRES,Débito,2170.1,False,2025-11,-2170.1
1287,2025-11-19,PIX RECEBIDO ROCHA SANTOS LTDA.,Crédito,7918.71,False,2025-11,7918.71
1288,2025-11-19,PAGTO GOMES - ME,Débito,13113.84,False,2025-11,-13113.84
1289,2025-11-19,PAGTO PEREIRA FOGAÇA S.A.,Débito,19719.19,False,2025-11,-19719.19
1290,2025-11-19,PIX RECEBIDO COSTA ALMEIDA - EI,Crédito,19810.28,False,2025-11,19810.28
1291,2025-11-20,PAGTO NUNES,Débito,10149.56,False,2025-11,-10149.56
1292,2025-11-21,PAGTO CALDEIRA E FILHOS,Débito,8334.37,False,2025-11,-8334.37
1293,2025-11-21,PAGTO NUNES PASTOR - EI,Débito,5963.01,False,2025-11,-5963.01
1294,2025-11-21,PAGTO DIAS - ME,Débito,1552.42,False,2025-11,-1552.42
1295,2025-11-21,PAGTO GOMES - EI,Débito,9569.42,False,2025-11,-9569.42
1296,2025-11-22,PIX RECEBIDO FONSECA,Crédito,7207.05,False,2025-11,7207.05
1297,2025-11-22,PIX RECEBIDO REZENDE,Crédito,11581.16,False,2025-11,11581.16
1298,2025-11-23,PAGTO CARDOSO COSTA - ME,Débito,1173.85,False,2025-11,-1173.85
1299,2025-11-23,PIX RECEBIDO VIANA,Crédito,223.95,False,2025-11,223.95
1300,2025-11-23,PIX RECEBIDO CÂMARA,Crédito,17055.09,False,2025-11,17055.09
1301,2025-11-23,PAGTO MARTINS GARCIA LTDA.,Débito,19242.39,False,2025-11,-19242.39
1302,2025-11-23,PIX RECEBIDO CARDOSO VIANA - EI,Crédito,3183.34,False,2025-11,3183.34
1303,2025-11-24,PIX RECEBIDO NOGUEIRA,Crédito,10926.05,False,2025-11,10926.05
1304,2025-11-24,PIX RECEBIDO COSTA,Crédito,213.67,False,2025-11,213.67
1305,2025-11-24,PIX RECEBIDO VARGAS,Crédito,1751.51,False,2025-11,1751.51
1306,2025-11-25,PIX RECEBIDO PACHECO PEIXOTO S/A,Crédito,14168.95,False,2025-11,14168.95
1307,2025-11-25,PAGTO DUARTE,Débito,3879.04,False,2025-11,-3879.04
1308,2025-11-26,PAGTO FOGAÇA,Débito,16337.73,False,2025-11,-16337.73
1309,2025-11-26,PIX RECEBIDO DUARTE GARCIA LTDA.,Crédito,11933.22,False,2025-11,11933.22
1310,2025-11-27,PAGTO SANTOS S.A.,Débito,13606.39,False,2025-11,-13606.39
1311,2025-11-27,PIX RECEBIDO DIAS,Crédito,3934.26,False,2025-11,3934.26
1312,2025-11-27,PIX RECEBIDO MARQUES,Crédito,3240.15,False,2025-11,3240.15
1313,2025-11-27,PAGTO CAMPOS - EI,Débito,15445.6,False,2025-11,-15445.6
1314,2025-11-28,PIX RECEBIDO SILVA FERNANDES S.A.,Crédito,19059.44,False,2025-11,19059.44
1315,2025-11-29,PIX RECEBIDO JESUS MENDONÇA - ME,Crédito,19188.17,False,2025-11,19188.17
1316,2025-11-29,PAGTO CIRINO,Débito,5411.78,False,2025-11,-5411.78
1317,2025-11-29,PAGTO DA CUNHA,Débito,17194.66,False,2025-11,-17194.66
1318,2025-11-29,PIX RECEBIDO FREITAS LTDA.,Crédito,16260.2,False,2025-11,16260.2
1319,2025-11-30,PAGTO SOUZA,Débito,10279.97,False,2025-11,-10279.97
1320,2025-11-30,PAGTO SÁ,Débito,19186.67,False,2025-11,-19186.67
1321,2025-12-01,TARIFA MANUTENCAO CONTA,Débito,89.9,False,2025-12,-89.9
1322,2025-12-01,PAGTO RODRIGUES,Débito,18671.54,False,2025-12,-18671.54
1323,2025-12-01,PIX RECEBIDO SOUSA,Crédito,9096.26,False,2025-12,9096.26
1324,2025-12-02,PIX RECEBIDO ALBUQUERQUE,Crédito,5703.95,False,2025-12,5703.95
1325,2025-12-03,PIX RECEBIDO CAMPOS,Crédito,7605.78,False,2025-12,7605.78
1326,2025-12-03,PAGTO ARAÚJO - ME,Débito,7160.78,False,2025-12,-7160.78
1327,2025-12-03,PAGTO CARDOSO S/A,Débito,1549.22,False,2025-12,-1549.22
1328,2025-12-03,PIX RECEBIDO OLIVEIRA E FILHOS,Crédito,4345.09,False,2025-12,4345.09
1329,2025-12-03,PIX RECEBIDO FONSECA S/A,Crédito,10637.04,False,2025-12,10637.04
1330,2025-12-04,PAGTO CASSIANO RIBEIRO - ME,Débito,15175.19,False,2025-12,-15175.19
1331,2025-12-04,PAGTO MACEDO S.A.,Débito,10825.93,False,2025-12,-10825.93
1332,2025-12-04,PAGTO GUERRA RODRIGUES - EI,Débito,168.38,False,2025-12,-168.38
1333,2025-12-04,PAGTO TEIXEIRA DA CRUZ E FILHOS,Débito,9354.54,False,2025-12,-9354.54
1334,2025-12-05,PIX RECEBIDO SOUSA,Crédito,5028.83,False,2025-12,5028.83
1335,2025-12-05,PIX RECEBIDO SOUSA,Crédito,1217.43,False,2025-12,1217.43
1336,2025-12-05,PIX RECEBIDO DA COSTA,Crédito,14581.26,False,2025-12,14581.26
1337,2025-12-05,PAGTO VARGAS CARDOSO - ME,Débito,17145.47,False,2025-12,-17145.47
1338,2025-12-05,PIX RECEBIDO DAS NEVES,Crédito,10929.87,False,2025-12,10929.87
1339,2025-12-05,PAGTO DIAS,Débito,4595.1,False,2025-12,-4595.1
1340,2025-12-06,PAGTO CÂMARA CARVALHO - ME,Débito,19896.85,False,2025-12,-19896.85
1341,2025-12-06,PAGTO CARVALHO,Débito,363.46,False,2025-12,-363.46
1342,2025-12-06,PAGTO CARVALHO SOUSA S/A,Débito,9097.14,False,2025-12,-9097.14
1343,2025-12-06,PAGTO CAMARGO,Débito,17343.48,False,2025-12,-17343.48
1344,2025-12-06,PAGTO BORGES,Débito,13209.15,False,2025-12,-13209.15
1345,2025-12-06,PIX RECEBIDO MACHADO,Crédito,18945.81,False,2025-12,18945.81
1346,2025-12-06,PAGTO NOVAES - ME,Débito,3142.27,False,2025-12,-3142.27
1347,2025-12-06,PIX RECEBIDO CASTRO S/A,Crédito,3356.78,False,2025-12,3356.78
1348,2025-12-06,PIX RECEBIDO DUARTE ARAÚJO S/A,Crédito,19535.11,False,2025-12,19535.11
1349,2025-12-07,PIX RECEBIDO DA ROSA,Crédito,4943.56,False,2025-12,4943.56
1350,2025-12-08,PAGTO FREITAS E FILHOS,Débito,4973.27,False,2025-12,-4973.27
1351,2025-12-08,PAGTO VARGAS S/A,Débito,9811.19,False,2025-12,-9811.19
1352,2025-12-08,PAGTO LEÃO S/A,Débito,15241.87,False,2025-12,-15241.87
1353,2025-12-08,PAGTO BARBOSA,Débito,14402.42,False,2025-12,-14402.42
1354,2025-12-08,PAGTO RIOS,Débito,11997.22,False,2025-12,-11997.22
1355,2025-12-09,PAGTO NOVAES,Débito,17356.81,False,2025-12,-17356.81
1356,2025-12-09,PIX RECEBIDO RIBEIRO - EI,Crédito,13226.37,False,2025-12,13226.37
1357,2025-12-09,PIX RECEBIDO MONTENEGRO,Crédito,10450.77,False,2025-12,10450.77
1358,2025-12-09,PIX RECEBIDO DA LUZ S.A.,Crédito,4425.63,False,2025-12,4425.63
1359,2025-12-09,PAGTO MARQUES,Débito,6972.65,False,2025-12,-6972.65
1360,2025-12-09,PIX RECEBIDO GARCIA NASCIMENTO E FILHOS,Crédito,19946.62,False,2025-12,19946.62
1361,2025-12-09,PAGTO MOURA,Débito,19923.13,False,2025-12,-19923.13
1362,2025-12-10,PAGTO FARIAS,Débito,14125.04,False,2025-12,-14125.04
1363,2025-12-10,PIX RECEBIDO PASTOR SANTOS S.A.,Crédito,6097.99,False,2025-12,6097.99
1364,2025-12-10,PAGTO SOUZA,Débito,1531.78,False,2025-12,-1531.78
1365,2025-12-10,PIX RECEBIDO FREITAS,Crédito,3276.73,False,2025-12,3276.73
1366,2025-12-10,PAGTO DA PAZ FOGAÇA S/A,Débito,4840.36,False,2025-12,-4840.36
1367,2025-12-11,PIX RECEBIDO TEIXEIRA S.A.,Crédito,16031.55,False,2025-12,16031.55
1368,2025-12-11,PAGTO ARAÚJO,Débito,6044.23,False,2025-12,-6044.23
1369,2025-12-11,PIX RECEBIDO LEÃO REZENDE S/A,Crédito,7230.35,False,2025-12,7230.35
1370,2025-12-12,PAGTO MELO,Débito,10679.93,False,2025-12,-10679.93
1371,2025-12-12,PIX RECEBIDO PIRES,Crédito,5004.05,False,2025-12,5004.05
1372,2025-12-12,PIX RECEBIDO APARECIDA,Crédito,10630.4,False,2025-12,10630.4
1373,2025-12-13,PIX RECEBIDO CASSIANO,Crédito,901.64,False,2025-12,901.64
1374,2025-12-13,PAGTO MELO PIMENTA S/A,Débito,5381.46,False,2025-12,-5381.46
1375,2025-12-14,PAGTO DA COSTA CALDEIRA S.A.,Débito,4150.8,False,2025-12,-4150.8
1376,2025-12-14,PIX RECEBIDO BRITO - EI,Crédito,10966.1,False,2025-12,10966.1
1377,2025-12-14,PIX RECEBIDO BARBOSA,Crédito,16082.52,False,2025-12,16082.52
1378,2025-12-14,PIX RECEBIDO NUNES MENDONÇA LTDA.,Crédito,13163.54,False,2025-12,13163.54
1379,2025-12-14,PIX RECEBIDO MOREIRA PEREIRA - EI,Crédito,12717.15,False,2025-12,12717.15
1380,2025-12-14,PAGTO DA ROSA VARGAS LTDA.,Débito,17688.5,False,2025-12,-17688.5
1381,2025-12-15,PAGTO BARBOSA,Débito,1753.32,False,2025-12,-1753.32
1382,2025-12-15,PIX RECEBIDO CASA GRANDE,Crédito,18567.99,False,2025-12,18567.99
1383,2025-12-16,PIX RECEBIDO MORAES,Crédito,17341.54,False,2025-12,17341.54
1384,2025-12-17,PIX RECEBIDO RAMOS - ME,Crédito,16864.09,False,2025-12,16864.09
1385,2025-12-17,PIX RECEBIDO DA MOTA NOVAIS LTDA.,Crédito,12928.6,False,2025-12,12928.6
1386,2025-12-17,PAGTO AZEVEDO LEÃO - ME,Débito,6413.4,False,2025-12,-6413.4
1387,2025-12-17,PAGTO APARECIDA,Débito,8634.47,False,2025-12,-8634.47
1388,2025-12-17,PAGTO PASTOR - ME,Débito,15063.55,False,2025-12,-15063.55
1389,2025-12-17,PAGTO NOGUEIRA,Débito,7987.59,False,2025-12,-7987.59
1390,2025-12-17,PIX RECEBIDO PINTO S/A,Crédito,13854.6,False,2025-12,13854.6
1391,2025-12-19,PAGTO COSTELA - ME,Débito,5585.89,False,2025-12,-5585.89
1392,2025-12-19,PIX RECEBIDO ABREU,Crédito,3140.46,False,2025-12,3140.46
1393,2025-12-19,PAGTO DA MATA,Débito,6033.29,False,2025-12,-6033.29
1394,2025-12-19,PAGTO FERREIRA,Débito,3419.42,False,2025-12,-3419.42
1395,2025-12-19,PIX RECEBIDO FERREIRA MOREIRA LTDA.,Crédito,12418.77,False,2025-12,12418.77
1396,2025-12-20,PIX RECEBIDO DA MATA,Crédito,12861.44,False,2025-12,12861.44
1397,2025-12-20,PIX RECEBIDO CASTRO BRITO S.A.,Crédito,18730.54,False,2025-12,18730.54
1398,2025-12-20,PIX RECEBIDO CASA GRANDE,Crédito,17112.36,False,2025-12,17112.36
1399,2025-12-21,PIX RECEBIDO SILVEIRA,Crédito,10309.67,False,2025-12,10309.67
1400,2025-12-21,PIX RECEBIDO BRITO,Crédito,19189.54,False,2025-12,19189.54
1401,2025-12-21,PAGTO RAMOS,Débito,10569.47,False,2025-12,-10569.47
1402,2025-12-21,PAGTO SILVEIRA,Débito,18341.2,False,2025-12,-18341.2
1403,2025-12-21,PIX RECEBIDO SANTOS,Crédito,19646.35,False,2025-12,19646.35
1404,2025-12-22,PIX RECEBIDO PASTOR,Crédito,16932.34,False,2025-12,16932.34
1405,2025-12-22,PAGTO FERREIRA LTDA.,Débito,2314.73,False,2025-12,-2314.73
1406,2025-12-23,PIX RECEBIDO SILVA CASA GRANDE LTDA.,Crédito,14888.41,False,2025-12,14888.41
1407,2025-12-23,PIX RECEBIDO LEÃO,Crédito,17585.9,False,2025-12,17585.9
1408,2025-12-23,PAGTO DA COSTA,Débito,2957.41,False,2025-12,-2957.41
1409,2025-12-23,PAGTO PINTO,Débito,18162.19,False,2025-12,-18162.19
1410,2025-12-23,PAGTO NOGUEIRA,Débito,11580.3,False,2025-12,-11580.3
1411,2025-12-23,PAGTO SILVEIRA,Débito,15537.55,False,2025-12,-15537.55
1412,2025-12-24,PAGTO PEREIRA E FILHOS,Débito,11177.84,False,2025-12,-11177.84
1413,2025-12-24,PIX RECEBIDO NOVAES,Crédito,17533.56,False,2025-12,17533.56
1414,2025-12-24,PAGTO BARBOSA COSTA S.A.,Débito,12527.97,False,2025-12,-12527.97
1415,2025-12-25,PAGTO DA COSTA,Débito,2590.97,False,2025-12,-2590.97
1416,2025-12-25,PIX RECEBIDO PEIXOTO,Crédito,14467.21,False,2025-12,14467.21
1417,2025-12-26,PAGTO MONTEIRO MORAES - ME,Débito,10137.7,False,2025-12,-10137.7
1418,2025-12-26,PIX RECEBIDO CARDOSO,Crédito,9954.11,False,2025-12,9954.11
1419,2025-12-26,PAGTO CARDOSO LTDA.,Débito,7248.32,False,2025-12,-7248.32
1420,2025-12-26,PAGTO CIRINO PORTO E FILHOS,Débito,13963.19,False,2025-12,-13963.19
1421,2025-12-26,PAGTO MENDES DIAS S.A.,Débito,3701.66,False,2025-12,-3701.66
1422,2025-12-26,PAGTO LEÃO,Débito,8726.99,False,2025-12,-8726.99
1423,2025-12-26,PIX RECEBIDO MACHADO - EI,Crédito,11435.66,False,2025-12,11435.66
1424,2025-12-26,PAGTO RIBEIRO,Débito,3246.77,False,2025-12,-3246.77
1425,2025-12-26,PAGTO MACHADO,Débito,4802.18,True,2025-12,-4802.18
1426,2025-12-26,PIX RECEBIDO DUARTE S/A,Crédito,9558.59,False,2025-12,9558.59
1427,2025-12-26,PAGTO MACHADO,Débito,4802.18,True,2025-12,-4802.18
1428,2025-12-27,PIX RECEBIDO APARECIDA,Crédito,5296.8,False,2025-12,5296.8
1429,2025-12-27,PIX RECEBIDO DA MOTA BARROS LTDA.,Crédito,15372.2,False,2025-12,15372.2
1430,2025-12-27,PAGTO PIMENTA,Débito,17218.02,False,2025-12,-17218.02
1431,2025-12-27,PIX RECEBIDO CALDEIRA,Crédito,14667.72,False,2025-12,14667.72
1432,2025-12-28,PAGTO CASTRO,Débito,2725.68,False,2025-12,-2725.68
1433,2025-12-28,PIX RECEBIDO SALES,Crédito,13143.21,False,2025-12,13143.21
1434,2025-12-28,PAGTO AZEVEDO DA MOTA - ME,Débito,19028.24,False,2025-12,-19028.24
1435,2025-12-28,PAGTO CARDOSO,Débito,5931.58,False,2025-12,-5931.58
1436,2025-12-29,PIX RECEBIDO CÂMARA,Crédito,2799.89,False,2025-12,2799.89
1437,2025-12-29,PAGTO SAMPAIO LTDA.,Débito,333.39,False,2025-12,-333.39
1438,2025-12-29,PAGTO RIBEIRO,Débito,9678.62,False,2025-12,-9678.62
1439,2025-12-29,PIX RECEBIDO MARTINS FREITAS - EI,Crédito,19978.0,False,2025-12,19978.0
1440,2025-12-30,PAGTO RIBEIRO LTDA.,Débito,5787.52,False,2025-12,-5787.52
1441,2025-12-30,PIX RECEBIDO PIMENTA NUNES LTDA.,Crédito,4265.96,False,2025-12,4265.96
1442,2025-12-30,PAGTO ANDRADE,Débito,17642.48,False,2025-12,-17642.48
1443,2025-12-30,PAGTO SÁ S/A,Débito,9415.05,False,2025-12,-9415.05
1444,2025-12-31,PAGTO PIMENTA,Débito,4193.23,False,2025-12,-4193.23
1445,2025-12-31,PIX RECEBIDO FARIAS,Crédito,19783.2,False,2025-12,19783.2
1446,2025-12-31,PAGTO CARVALHO ANDRADE LTDA.,Débito,3266.67,False,2025-12,-3266.67
1447,2025-12-31,PAGTO DA LUZ LTDA.,Débito,953.9,False,2025-12,-953.9
1448,2025-12-31,PAGTO LOPES E FILHOS,Débito,12569.8,False,2025-12,-12569.8
1449,2026-01-01,PAGTO AZEVEDO DA COSTA E FILHOS,Débito,8382.87,False,2026-01,-8382.87
